"","group","subject","item","region","measure","sort","condition","skips","rawdata","nozero","ambiguity","continuation","trimmed_nozero"
"17281","Native",1,38,"continuation","rp","continuation rp",6,0,248,248,"Unambiguous","Consistent",248
"17283","Native",1,39,"continuation","rp","continuation rp",7,1,0,NA,"Ambiguous","Inconsistent",NA
"17285","Native",1,26,"continuation","rp","continuation rp",6,1,0,NA,"Unambiguous","Consistent",NA
"17287","Native",1,34,"continuation","rp","continuation rp",6,0,230,230,"Unambiguous","Consistent",230
"17289","Native",1,46,"continuation","rp","continuation rp",6,1,0,NA,"Unambiguous","Consistent",NA
"17291","Native",1,29,"continuation","rp","continuation rp",5,1,0,NA,"Ambiguous","Consistent",NA
"17293","Native",1,36,"continuation","rp","continuation rp",8,0,207,207,"Unambiguous","Inconsistent",207
"17295","Native",1,30,"continuation","rp","continuation rp",6,0,142,142,"Unambiguous","Consistent",142
"17297","Native",1,40,"continuation","rp","continuation rp",8,0,207,207,"Unambiguous","Inconsistent",207
"17299","Native",1,33,"continuation","rp","continuation rp",5,0,179,179,"Ambiguous","Consistent",179
"17301","Native",1,43,"continuation","rp","continuation rp",7,1,0,NA,"Ambiguous","Inconsistent",NA
"17303","Native",1,28,"continuation","rp","continuation rp",8,0,237,237,"Unambiguous","Inconsistent",237
"17305","Native",1,31,"continuation","rp","continuation rp",7,0,333,333,"Ambiguous","Inconsistent",333
"17307","Native",1,45,"continuation","rp","continuation rp",5,0,251,251,"Ambiguous","Consistent",251
"17309","Native",1,25,"continuation","rp","continuation rp",5,0,206,206,"Ambiguous","Consistent",206
"17311","Native",1,41,"continuation","rp","continuation rp",5,1,0,NA,"Ambiguous","Consistent",NA
"17313","Native",1,42,"continuation","rp","continuation rp",6,0,997,997,"Unambiguous","Consistent",997
"17315","Native",1,37,"continuation","rp","continuation rp",5,0,376,376,"Ambiguous","Consistent",376
"17317","Native",1,32,"continuation","rp","continuation rp",8,1,0,NA,"Unambiguous","Inconsistent",NA
"17319","Native",1,48,"continuation","rp","continuation rp",8,1,0,NA,"Unambiguous","Inconsistent",NA
"17321","Native",1,47,"continuation","rp","continuation rp",7,1,0,NA,"Ambiguous","Inconsistent",NA
"17323","Native",1,44,"continuation","rp","continuation rp",8,1,0,NA,"Unambiguous","Inconsistent",NA
"17325","Native",1,27,"continuation","rp","continuation rp",7,0,210,210,"Ambiguous","Inconsistent",210
"17327","Native",1,35,"continuation","rp","continuation rp",7,0,184,184,"Ambiguous","Inconsistent",184
"17329","Native",2,46,"continuation","rp","continuation rp",7,1,0,NA,"Ambiguous","Inconsistent",NA
"17331","Native",2,25,"continuation","rp","continuation rp",6,1,0,NA,"Unambiguous","Consistent",NA
"17333","Native",2,39,"continuation","rp","continuation rp",8,1,0,NA,"Unambiguous","Inconsistent",NA
"17335","Native",2,38,"continuation","rp","continuation rp",7,0,794,794,"Ambiguous","Inconsistent",794
"17337","Native",2,30,"continuation","rp","continuation rp",7,1,0,NA,"Ambiguous","Inconsistent",NA
"17339","Native",2,27,"continuation","rp","continuation rp",8,0,208,208,"Unambiguous","Inconsistent",208
"17341","Native",2,29,"continuation","rp","continuation rp",6,0,572,572,"Unambiguous","Consistent",572
"17343","Native",2,33,"continuation","rp","continuation rp",6,0,164,164,"Unambiguous","Consistent",164
"17345","Native",2,32,"continuation","rp","continuation rp",5,0,607,607,"Ambiguous","Consistent",607
"17347","Native",2,43,"continuation","rp","continuation rp",8,0,165,165,"Unambiguous","Inconsistent",165
"17349","Native",2,45,"continuation","rp","continuation rp",6,1,0,NA,"Unambiguous","Consistent",NA
"17351","Native",2,48,"continuation","rp","continuation rp",5,1,0,NA,"Ambiguous","Consistent",NA
"17353","Native",2,47,"continuation","rp","continuation rp",8,1,0,NA,"Unambiguous","Inconsistent",NA
"17355","Native",2,31,"continuation","rp","continuation rp",8,1,0,NA,"Unambiguous","Inconsistent",NA
"17357","Native",2,26,"continuation","rp","continuation rp",7,0,174,174,"Ambiguous","Inconsistent",174
"17359","Native",2,42,"continuation","rp","continuation rp",7,1,0,NA,"Ambiguous","Inconsistent",NA
"17361","Native",2,36,"continuation","rp","continuation rp",5,0,607,607,"Ambiguous","Consistent",607
"17363","Native",2,35,"continuation","rp","continuation rp",8,1,0,NA,"Unambiguous","Inconsistent",NA
"17365","Native",2,44,"continuation","rp","continuation rp",5,1,0,NA,"Ambiguous","Consistent",NA
"17367","Native",2,41,"continuation","rp","continuation rp",6,0,214,214,"Unambiguous","Consistent",214
"17369","Native",2,37,"continuation","rp","continuation rp",6,0,545,545,"Unambiguous","Consistent",545
"17371","Native",2,40,"continuation","rp","continuation rp",5,0,241,241,"Ambiguous","Consistent",241
"17373","Native",2,28,"continuation","rp","continuation rp",5,0,461,461,"Ambiguous","Consistent",461
"17375","Native",2,34,"continuation","rp","continuation rp",7,0,528,528,"Ambiguous","Inconsistent",528
"17378","Native",3,34,"continuation","rp","continuation rp",8,0,581,581,"Unambiguous","Inconsistent",581
"17380","Native",3,30,"continuation","rp","continuation rp",8,0,410,410,"Unambiguous","Inconsistent",410
"17382","Native",3,38,"continuation","rp","continuation rp",8,0,454,454,"Unambiguous","Inconsistent",454
"17384","Native",3,43,"continuation","rp","continuation rp",5,0,358,358,"Ambiguous","Consistent",358
"17386","Native",3,47,"continuation","rp","continuation rp",5,0,734,734,"Ambiguous","Consistent",734
"17388","Native",3,25,"continuation","rp","continuation rp",7,0,641,641,"Ambiguous","Inconsistent",641
"17390","Native",3,37,"continuation","rp","continuation rp",7,0,308,308,"Ambiguous","Inconsistent",308
"17392","Native",3,40,"continuation","rp","continuation rp",6,0,467,467,"Unambiguous","Consistent",467
"17394","Native",3,42,"continuation","rp","continuation rp",8,0,181,181,"Unambiguous","Inconsistent",181
"17396","Native",3,33,"continuation","rp","continuation rp",7,0,1667,1667,"Ambiguous","Inconsistent",NA
"17398","Native",3,39,"continuation","rp","continuation rp",5,0,267,267,"Ambiguous","Consistent",267
"17400","Native",3,41,"continuation","rp","continuation rp",7,0,763,763,"Ambiguous","Inconsistent",763
"17402","Native",3,27,"continuation","rp","continuation rp",5,0,340,340,"Ambiguous","Consistent",340
"17404","Native",3,29,"continuation","rp","continuation rp",7,0,534,534,"Ambiguous","Inconsistent",534
"17406","Native",3,46,"continuation","rp","continuation rp",8,0,294,294,"Unambiguous","Inconsistent",294
"17408","Native",3,28,"continuation","rp","continuation rp",6,0,306,306,"Unambiguous","Consistent",306
"17410","Native",3,35,"continuation","rp","continuation rp",5,0,237,237,"Ambiguous","Consistent",237
"17412","Native",3,45,"continuation","rp","continuation rp",7,0,549,549,"Ambiguous","Inconsistent",549
"17414","Native",3,32,"continuation","rp","continuation rp",6,0,445,445,"Unambiguous","Consistent",445
"17416","Native",3,26,"continuation","rp","continuation rp",8,0,226,226,"Unambiguous","Inconsistent",226
"17418","Native",3,36,"continuation","rp","continuation rp",6,0,268,268,"Unambiguous","Consistent",268
"17420","Native",3,31,"continuation","rp","continuation rp",5,0,251,251,"Ambiguous","Consistent",251
"17422","Native",3,48,"continuation","rp","continuation rp",6,0,296,296,"Unambiguous","Consistent",296
"17424","Native",3,44,"continuation","rp","continuation rp",6,1,0,NA,"Unambiguous","Consistent",NA
"17426","Native",4,43,"continuation","rp","continuation rp",6,0,233,233,"Unambiguous","Consistent",233
"17428","Native",4,33,"continuation","rp","continuation rp",8,0,166,166,"Unambiguous","Inconsistent",166
"17430","Native",4,29,"continuation","rp","continuation rp",8,0,229,229,"Unambiguous","Inconsistent",229
"17432","Native",4,41,"continuation","rp","continuation rp",8,0,166,166,"Unambiguous","Inconsistent",166
"17434","Native",4,26,"continuation","rp","continuation rp",5,0,315,315,"Ambiguous","Consistent",315
"17436","Native",4,28,"continuation","rp","continuation rp",7,0,298,298,"Ambiguous","Inconsistent",298
"17438","Native",4,25,"continuation","rp","continuation rp",8,0,157,157,"Unambiguous","Inconsistent",157
"17440","Native",4,34,"continuation","rp","continuation rp",5,0,164,164,"Ambiguous","Consistent",164
"17442","Native",4,38,"continuation","rp","continuation rp",5,0,167,167,"Ambiguous","Consistent",167
"17444","Native",4,30,"continuation","rp","continuation rp",5,0,166,166,"Ambiguous","Consistent",166
"17446","Native",4,48,"continuation","rp","continuation rp",7,0,567,567,"Ambiguous","Inconsistent",567
"17448","Native",4,27,"continuation","rp","continuation rp",6,0,297,297,"Unambiguous","Consistent",297
"17450","Native",4,35,"continuation","rp","continuation rp",6,0,172,172,"Unambiguous","Consistent",172
"17452","Native",4,45,"continuation","rp","continuation rp",8,0,319,319,"Unambiguous","Inconsistent",319
"17454","Native",4,42,"continuation","rp","continuation rp",5,0,212,212,"Ambiguous","Consistent",212
"17456","Native",4,47,"continuation","rp","continuation rp",6,0,555,555,"Unambiguous","Consistent",555
"17458","Native",4,39,"continuation","rp","continuation rp",6,0,150,150,"Unambiguous","Consistent",150
"17460","Native",4,44,"continuation","rp","continuation rp",7,0,280,280,"Ambiguous","Inconsistent",280
"17462","Native",4,32,"continuation","rp","continuation rp",7,0,246,246,"Ambiguous","Inconsistent",246
"17464","Native",4,37,"continuation","rp","continuation rp",8,0,717,717,"Unambiguous","Inconsistent",717
"17466","Native",4,46,"continuation","rp","continuation rp",5,1,0,NA,"Ambiguous","Consistent",NA
"17468","Native",4,31,"continuation","rp","continuation rp",6,0,370,370,"Unambiguous","Consistent",370
"17470","Native",4,40,"continuation","rp","continuation rp",7,0,189,189,"Ambiguous","Inconsistent",189
"17472","Native",4,36,"continuation","rp","continuation rp",7,0,177,177,"Ambiguous","Inconsistent",177
"17473","Native",5,39,"continuation","rp","continuation rp",7,0,178,178,"Ambiguous","Inconsistent",178
"17475","Native",5,33,"continuation","rp","continuation rp",5,0,313,313,"Ambiguous","Consistent",313
"17477","Native",5,30,"continuation","rp","continuation rp",6,1,0,NA,"Unambiguous","Consistent",NA
"17479","Native",5,46,"continuation","rp","continuation rp",6,0,266,266,"Unambiguous","Consistent",266
"17481","Native",5,25,"continuation","rp","continuation rp",5,0,253,253,"Ambiguous","Consistent",253
"17483","Native",5,42,"continuation","rp","continuation rp",6,0,280,280,"Unambiguous","Consistent",280
"17485","Native",5,41,"continuation","rp","continuation rp",5,0,219,219,"Ambiguous","Consistent",219
"17487","Native",5,36,"continuation","rp","continuation rp",8,1,0,NA,"Unambiguous","Inconsistent",NA
"17489","Native",5,34,"continuation","rp","continuation rp",6,1,0,NA,"Unambiguous","Consistent",NA
"17491","Native",5,35,"continuation","rp","continuation rp",7,0,269,269,"Ambiguous","Inconsistent",269
"17493","Native",5,43,"continuation","rp","continuation rp",7,0,177,177,"Ambiguous","Inconsistent",177
"17495","Native",5,47,"continuation","rp","continuation rp",7,0,267,267,"Ambiguous","Inconsistent",267
"17497","Native",5,38,"continuation","rp","continuation rp",6,0,435,435,"Unambiguous","Consistent",435
"17499","Native",5,27,"continuation","rp","continuation rp",7,0,273,273,"Ambiguous","Inconsistent",273
"17501","Native",5,45,"continuation","rp","continuation rp",5,1,0,NA,"Ambiguous","Consistent",NA
"17503","Native",5,37,"continuation","rp","continuation rp",5,1,0,NA,"Ambiguous","Consistent",NA
"17505","Native",5,48,"continuation","rp","continuation rp",8,1,0,NA,"Unambiguous","Inconsistent",NA
"17507","Native",5,44,"continuation","rp","continuation rp",8,0,548,548,"Unambiguous","Inconsistent",548
"17509","Native",5,26,"continuation","rp","continuation rp",6,0,83,83,"Unambiguous","Consistent",83
"17511","Native",5,32,"continuation","rp","continuation rp",8,0,197,197,"Unambiguous","Inconsistent",197
"17513","Native",5,28,"continuation","rp","continuation rp",8,0,155,155,"Unambiguous","Inconsistent",155
"17515","Native",5,31,"continuation","rp","continuation rp",7,0,199,199,"Ambiguous","Inconsistent",199
"17517","Native",5,29,"continuation","rp","continuation rp",5,0,315,315,"Ambiguous","Consistent",315
"17519","Native",5,40,"continuation","rp","continuation rp",8,1,0,NA,"Unambiguous","Inconsistent",NA
"17522","Native",6,30,"continuation","rp","continuation rp",7,0,136,136,"Ambiguous","Inconsistent",136
"17524","Native",6,35,"continuation","rp","continuation rp",8,0,161,161,"Unambiguous","Inconsistent",161
"17526","Native",6,43,"continuation","rp","continuation rp",8,1,0,NA,"Unambiguous","Inconsistent",NA
"17528","Native",6,36,"continuation","rp","continuation rp",5,0,133,133,"Ambiguous","Consistent",133
"17530","Native",6,32,"continuation","rp","continuation rp",5,1,0,NA,"Ambiguous","Consistent",NA
"17532","Native",6,37,"continuation","rp","continuation rp",6,0,138,138,"Unambiguous","Consistent",138
"17534","Native",6,47,"continuation","rp","continuation rp",8,0,134,134,"Unambiguous","Inconsistent",134
"17536","Native",6,33,"continuation","rp","continuation rp",6,0,134,134,"Unambiguous","Consistent",134
"17538","Native",6,41,"continuation","rp","continuation rp",6,0,137,137,"Unambiguous","Consistent",137
"17540","Native",6,26,"continuation","rp","continuation rp",7,0,265,265,"Ambiguous","Inconsistent",265
"17542","Native",6,39,"continuation","rp","continuation rp",8,1,0,NA,"Unambiguous","Inconsistent",NA
"17544","Native",6,38,"continuation","rp","continuation rp",7,0,157,157,"Ambiguous","Inconsistent",157
"17546","Native",6,25,"continuation","rp","continuation rp",6,0,145,145,"Unambiguous","Consistent",145
"17548","Native",6,34,"continuation","rp","continuation rp",7,0,152,152,"Ambiguous","Inconsistent",152
"17550","Native",6,27,"continuation","rp","continuation rp",8,0,170,170,"Unambiguous","Inconsistent",170
"17552","Native",6,48,"continuation","rp","continuation rp",5,0,782,782,"Ambiguous","Consistent",782
"17554","Native",6,28,"continuation","rp","continuation rp",5,0,158,158,"Ambiguous","Consistent",158
"17556","Native",6,31,"continuation","rp","continuation rp",8,0,353,353,"Unambiguous","Inconsistent",353
"17558","Native",6,46,"continuation","rp","continuation rp",7,0,148,148,"Ambiguous","Inconsistent",148
"17560","Native",6,40,"continuation","rp","continuation rp",5,0,119,119,"Ambiguous","Consistent",119
"17562","Native",6,42,"continuation","rp","continuation rp",7,0,265,265,"Ambiguous","Inconsistent",265
"17564","Native",6,45,"continuation","rp","continuation rp",6,1,0,NA,"Unambiguous","Consistent",NA
"17566","Native",6,44,"continuation","rp","continuation rp",5,1,0,NA,"Ambiguous","Consistent",NA
"17568","Native",6,29,"continuation","rp","continuation rp",6,0,442,442,"Unambiguous","Consistent",442
"17569","Native",7,44,"continuation","rp","continuation rp",6,0,185,185,"Unambiguous","Consistent",185
"17571","Native",7,35,"continuation","rp","continuation rp",5,0,183,183,"Ambiguous","Consistent",183
"17573","Native",7,26,"continuation","rp","continuation rp",8,1,0,NA,"Unambiguous","Inconsistent",NA
"17575","Native",7,38,"continuation","rp","continuation rp",8,1,0,NA,"Unambiguous","Inconsistent",NA
"17577","Native",7,28,"continuation","rp","continuation rp",6,0,167,167,"Unambiguous","Consistent",167
"17579","Native",7,45,"continuation","rp","continuation rp",7,0,154,154,"Ambiguous","Inconsistent",154
"17581","Native",7,41,"continuation","rp","continuation rp",7,0,151,151,"Ambiguous","Inconsistent",151
"17583","Native",7,43,"continuation","rp","continuation rp",5,0,558,558,"Ambiguous","Consistent",558
"17585","Native",7,27,"continuation","rp","continuation rp",5,0,519,519,"Ambiguous","Consistent",519
"17587","Native",7,32,"continuation","rp","continuation rp",6,0,839,839,"Unambiguous","Consistent",839
"17589","Native",7,47,"continuation","rp","continuation rp",5,0,184,184,"Ambiguous","Consistent",184
"17591","Native",7,42,"continuation","rp","continuation rp",8,0,367,367,"Unambiguous","Inconsistent",367
"17593","Native",7,29,"continuation","rp","continuation rp",7,0,157,157,"Ambiguous","Inconsistent",157
"17595","Native",7,46,"continuation","rp","continuation rp",8,0,343,343,"Unambiguous","Inconsistent",343
"17597","Native",7,36,"continuation","rp","continuation rp",6,0,165,165,"Unambiguous","Consistent",165
"17599","Native",7,39,"continuation","rp","continuation rp",5,1,0,NA,"Ambiguous","Consistent",NA
"17601","Native",7,48,"continuation","rp","continuation rp",6,1,0,NA,"Unambiguous","Consistent",NA
"17603","Native",7,33,"continuation","rp","continuation rp",7,0,106,106,"Ambiguous","Inconsistent",106
"17605","Native",7,34,"continuation","rp","continuation rp",8,0,484,484,"Unambiguous","Inconsistent",484
"17607","Native",7,40,"continuation","rp","continuation rp",6,1,0,NA,"Unambiguous","Consistent",NA
"17609","Native",7,30,"continuation","rp","continuation rp",8,0,613,613,"Unambiguous","Inconsistent",613
"17611","Native",7,25,"continuation","rp","continuation rp",7,0,164,164,"Ambiguous","Inconsistent",164
"17613","Native",7,31,"continuation","rp","continuation rp",5,0,164,164,"Ambiguous","Consistent",164
"17615","Native",7,37,"continuation","rp","continuation rp",7,0,360,360,"Ambiguous","Inconsistent",360
"17618","Native",8,46,"continuation","rp","continuation rp",5,0,208,208,"Ambiguous","Consistent",208
"17620","Native",8,41,"continuation","rp","continuation rp",8,0,264,264,"Unambiguous","Inconsistent",264
"17622","Native",8,39,"continuation","rp","continuation rp",6,0,226,226,"Unambiguous","Consistent",226
"17624","Native",8,35,"continuation","rp","continuation rp",6,0,221,221,"Unambiguous","Consistent",221
"17626","Native",8,26,"continuation","rp","continuation rp",5,0,218,218,"Ambiguous","Consistent",218
"17628","Native",8,44,"continuation","rp","continuation rp",7,0,282,282,"Ambiguous","Inconsistent",282
"17630","Native",8,38,"continuation","rp","continuation rp",5,0,328,328,"Ambiguous","Consistent",328
"17632","Native",8,28,"continuation","rp","continuation rp",7,0,191,191,"Ambiguous","Inconsistent",191
"17634","Native",8,34,"continuation","rp","continuation rp",5,0,253,253,"Ambiguous","Consistent",253
"17636","Native",8,36,"continuation","rp","continuation rp",7,0,243,243,"Ambiguous","Inconsistent",243
"17638","Native",8,48,"continuation","rp","continuation rp",7,0,262,262,"Ambiguous","Inconsistent",262
"17640","Native",8,47,"continuation","rp","continuation rp",6,0,336,336,"Unambiguous","Consistent",336
"17642","Native",8,25,"continuation","rp","continuation rp",8,0,247,247,"Unambiguous","Inconsistent",247
"17644","Native",8,43,"continuation","rp","continuation rp",6,0,152,152,"Unambiguous","Consistent",152
"17646","Native",8,42,"continuation","rp","continuation rp",5,0,214,214,"Ambiguous","Consistent",214
"17648","Native",8,31,"continuation","rp","continuation rp",6,0,216,216,"Unambiguous","Consistent",216
"17650","Native",8,32,"continuation","rp","continuation rp",7,0,200,200,"Ambiguous","Inconsistent",200
"17652","Native",8,33,"continuation","rp","continuation rp",8,0,339,339,"Unambiguous","Inconsistent",339
"17654","Native",8,27,"continuation","rp","continuation rp",6,0,286,286,"Unambiguous","Consistent",286
"17656","Native",8,45,"continuation","rp","continuation rp",8,0,229,229,"Unambiguous","Inconsistent",229
"17658","Native",8,30,"continuation","rp","continuation rp",5,0,257,257,"Ambiguous","Consistent",257
"17660","Native",8,37,"continuation","rp","continuation rp",8,0,219,219,"Unambiguous","Inconsistent",219
"17662","Native",8,29,"continuation","rp","continuation rp",8,0,248,248,"Unambiguous","Inconsistent",248
"17664","Native",8,40,"continuation","rp","continuation rp",7,0,226,226,"Ambiguous","Inconsistent",226
"17665","Native",9,40,"continuation","rp","continuation rp",8,0,243,243,"Unambiguous","Inconsistent",243
"17667","Native",9,37,"continuation","rp","continuation rp",5,0,275,275,"Ambiguous","Consistent",275
"17669","Native",9,42,"continuation","rp","continuation rp",6,0,501,501,"Unambiguous","Consistent",501
"17671","Native",9,39,"continuation","rp","continuation rp",7,0,269,269,"Ambiguous","Inconsistent",269
"17673","Native",9,35,"continuation","rp","continuation rp",7,0,183,183,"Ambiguous","Inconsistent",183
"17675","Native",9,38,"continuation","rp","continuation rp",6,0,159,159,"Unambiguous","Consistent",159
"17677","Native",9,26,"continuation","rp","continuation rp",6,0,192,192,"Unambiguous","Consistent",192
"17679","Native",9,32,"continuation","rp","continuation rp",8,0,908,908,"Unambiguous","Inconsistent",NA
"17681","Native",9,29,"continuation","rp","continuation rp",5,0,157,157,"Ambiguous","Consistent",157
"17683","Native",9,47,"continuation","rp","continuation rp",7,0,350,350,"Ambiguous","Inconsistent",350
"17685","Native",9,36,"continuation","rp","continuation rp",8,0,499,499,"Unambiguous","Inconsistent",499
"17687","Native",9,27,"continuation","rp","continuation rp",7,0,192,192,"Ambiguous","Inconsistent",192
"17689","Native",9,48,"continuation","rp","continuation rp",8,0,202,202,"Unambiguous","Inconsistent",202
"17691","Native",9,28,"continuation","rp","continuation rp",8,0,189,189,"Unambiguous","Inconsistent",189
"17693","Native",9,33,"continuation","rp","continuation rp",5,0,167,167,"Ambiguous","Consistent",167
"17695","Native",9,31,"continuation","rp","continuation rp",7,0,310,310,"Ambiguous","Inconsistent",310
"17697","Native",9,43,"continuation","rp","continuation rp",7,0,197,197,"Ambiguous","Inconsistent",197
"17699","Native",9,44,"continuation","rp","continuation rp",8,0,335,335,"Unambiguous","Inconsistent",335
"17701","Native",9,45,"continuation","rp","continuation rp",5,0,393,393,"Ambiguous","Consistent",393
"17703","Native",9,46,"continuation","rp","continuation rp",6,0,185,185,"Unambiguous","Consistent",185
"17705","Native",9,30,"continuation","rp","continuation rp",6,0,259,259,"Unambiguous","Consistent",259
"17707","Native",9,25,"continuation","rp","continuation rp",5,0,197,197,"Ambiguous","Consistent",197
"17709","Native",9,41,"continuation","rp","continuation rp",5,0,236,236,"Ambiguous","Consistent",236
"17711","Native",9,34,"continuation","rp","continuation rp",6,0,478,478,"Unambiguous","Consistent",478
"17713","Native",10,40,"continuation","rp","continuation rp",5,0,228,228,"Ambiguous","Consistent",228
"17715","Native",10,25,"continuation","rp","continuation rp",6,0,513,513,"Unambiguous","Consistent",513
"17717","Native",10,28,"continuation","rp","continuation rp",5,0,129,129,"Ambiguous","Consistent",129
"17719","Native",10,29,"continuation","rp","continuation rp",6,0,178,178,"Unambiguous","Consistent",178
"17721","Native",10,47,"continuation","rp","continuation rp",8,0,171,171,"Unambiguous","Inconsistent",171
"17723","Native",10,37,"continuation","rp","continuation rp",6,0,343,343,"Unambiguous","Consistent",343
"17725","Native",10,30,"continuation","rp","continuation rp",7,0,206,206,"Ambiguous","Inconsistent",206
"17727","Native",10,45,"continuation","rp","continuation rp",6,0,165,165,"Unambiguous","Consistent",165
"17729","Native",10,36,"continuation","rp","continuation rp",5,0,187,187,"Ambiguous","Consistent",187
"17731","Native",10,26,"continuation","rp","continuation rp",7,0,220,220,"Ambiguous","Inconsistent",220
"17733","Native",10,32,"continuation","rp","continuation rp",5,0,264,264,"Ambiguous","Consistent",264
"17735","Native",10,43,"continuation","rp","continuation rp",8,0,297,297,"Unambiguous","Inconsistent",297
"17737","Native",10,33,"continuation","rp","continuation rp",6,0,245,245,"Unambiguous","Consistent",245
"17739","Native",10,31,"continuation","rp","continuation rp",8,0,194,194,"Unambiguous","Inconsistent",194
"17741","Native",10,39,"continuation","rp","continuation rp",8,0,201,201,"Unambiguous","Inconsistent",201
"17743","Native",10,42,"continuation","rp","continuation rp",7,0,186,186,"Ambiguous","Inconsistent",186
"17745","Native",10,48,"continuation","rp","continuation rp",5,0,402,402,"Ambiguous","Consistent",402
"17747","Native",10,27,"continuation","rp","continuation rp",8,0,253,253,"Unambiguous","Inconsistent",253
"17749","Native",10,35,"continuation","rp","continuation rp",8,0,287,287,"Unambiguous","Inconsistent",287
"17751","Native",10,46,"continuation","rp","continuation rp",7,0,191,191,"Ambiguous","Inconsistent",191
"17753","Native",10,38,"continuation","rp","continuation rp",7,0,638,638,"Ambiguous","Inconsistent",638
"17755","Native",10,34,"continuation","rp","continuation rp",7,1,0,NA,"Ambiguous","Inconsistent",NA
"17757","Native",10,44,"continuation","rp","continuation rp",5,0,339,339,"Ambiguous","Consistent",339
"17759","Native",10,41,"continuation","rp","continuation rp",6,0,196,196,"Unambiguous","Consistent",196
"17761","Native",11,37,"continuation","rp","continuation rp",7,0,342,342,"Ambiguous","Inconsistent",342
"17763","Native",11,43,"continuation","rp","continuation rp",5,0,298,298,"Ambiguous","Consistent",298
"17765","Native",11,34,"continuation","rp","continuation rp",8,0,608,608,"Unambiguous","Inconsistent",608
"17767","Native",11,38,"continuation","rp","continuation rp",8,0,302,302,"Unambiguous","Inconsistent",302
"17769","Native",11,26,"continuation","rp","continuation rp",8,0,318,318,"Unambiguous","Inconsistent",318
"17771","Native",11,42,"continuation","rp","continuation rp",8,0,632,632,"Unambiguous","Inconsistent",632
"17773","Native",11,46,"continuation","rp","continuation rp",8,0,528,528,"Unambiguous","Inconsistent",528
"17775","Native",11,41,"continuation","rp","continuation rp",7,0,406,406,"Ambiguous","Inconsistent",406
"17777","Native",11,31,"continuation","rp","continuation rp",5,0,550,550,"Ambiguous","Consistent",550
"17779","Native",11,45,"continuation","rp","continuation rp",7,0,2268,2268,"Ambiguous","Inconsistent",NA
"17781","Native",11,35,"continuation","rp","continuation rp",5,0,370,370,"Ambiguous","Consistent",370
"17783","Native",11,32,"continuation","rp","continuation rp",6,0,264,264,"Unambiguous","Consistent",264
"17785","Native",11,47,"continuation","rp","continuation rp",5,0,762,762,"Ambiguous","Consistent",762
"17787","Native",11,36,"continuation","rp","continuation rp",6,0,186,186,"Unambiguous","Consistent",186
"17789","Native",11,25,"continuation","rp","continuation rp",7,0,346,346,"Ambiguous","Inconsistent",346
"17791","Native",11,30,"continuation","rp","continuation rp",8,0,428,428,"Unambiguous","Inconsistent",428
"17793","Native",11,40,"continuation","rp","continuation rp",6,0,392,392,"Unambiguous","Consistent",392
"17795","Native",11,48,"continuation","rp","continuation rp",6,0,456,456,"Unambiguous","Consistent",456
"17797","Native",11,29,"continuation","rp","continuation rp",7,0,636,636,"Ambiguous","Inconsistent",636
"17799","Native",11,27,"continuation","rp","continuation rp",5,0,234,234,"Ambiguous","Consistent",234
"17801","Native",11,33,"continuation","rp","continuation rp",7,0,232,232,"Ambiguous","Inconsistent",232
"17803","Native",11,39,"continuation","rp","continuation rp",5,0,476,476,"Ambiguous","Consistent",476
"17805","Native",11,28,"continuation","rp","continuation rp",6,0,196,196,"Unambiguous","Consistent",196
"17807","Native",11,44,"continuation","rp","continuation rp",6,0,252,252,"Unambiguous","Consistent",252
"17809","Native",12,37,"continuation","rp","continuation rp",6,0,262,262,"Unambiguous","Consistent",262
"17811","Native",12,43,"continuation","rp","continuation rp",8,0,425,425,"Unambiguous","Inconsistent",425
"17813","Native",12,25,"continuation","rp","continuation rp",6,0,145,145,"Unambiguous","Consistent",145
"17815","Native",12,26,"continuation","rp","continuation rp",7,0,193,193,"Ambiguous","Inconsistent",193
"17817","Native",12,46,"continuation","rp","continuation rp",7,1,0,NA,"Ambiguous","Inconsistent",NA
"17819","Native",12,31,"continuation","rp","continuation rp",8,0,156,156,"Unambiguous","Inconsistent",156
"17821","Native",12,39,"continuation","rp","continuation rp",8,0,200,200,"Unambiguous","Inconsistent",200
"17823","Native",12,38,"continuation","rp","continuation rp",7,0,316,316,"Ambiguous","Inconsistent",316
"17825","Native",12,27,"continuation","rp","continuation rp",8,0,181,181,"Unambiguous","Inconsistent",181
"17827","Native",12,41,"continuation","rp","continuation rp",6,0,205,205,"Unambiguous","Consistent",205
"17829","Native",12,29,"continuation","rp","continuation rp",6,0,208,208,"Unambiguous","Consistent",208
"17831","Native",12,35,"continuation","rp","continuation rp",8,1,0,NA,"Unambiguous","Inconsistent",NA
"17833","Native",12,40,"continuation","rp","continuation rp",5,0,158,158,"Ambiguous","Consistent",158
"17835","Native",12,33,"continuation","rp","continuation rp",6,0,223,223,"Unambiguous","Consistent",223
"17837","Native",12,36,"continuation","rp","continuation rp",5,0,171,171,"Ambiguous","Consistent",171
"17839","Native",12,47,"continuation","rp","continuation rp",8,0,306,306,"Unambiguous","Inconsistent",306
"17841","Native",12,34,"continuation","rp","continuation rp",7,0,199,199,"Ambiguous","Inconsistent",199
"17843","Native",12,48,"continuation","rp","continuation rp",5,0,159,159,"Ambiguous","Consistent",159
"17845","Native",12,32,"continuation","rp","continuation rp",5,0,175,175,"Ambiguous","Consistent",175
"17847","Native",12,42,"continuation","rp","continuation rp",7,0,198,198,"Ambiguous","Inconsistent",198
"17849","Native",12,30,"continuation","rp","continuation rp",7,0,381,381,"Ambiguous","Inconsistent",381
"17851","Native",12,28,"continuation","rp","continuation rp",5,0,234,234,"Ambiguous","Consistent",234
"17853","Native",12,44,"continuation","rp","continuation rp",5,0,721,721,"Ambiguous","Consistent",NA
"17855","Native",12,45,"continuation","rp","continuation rp",6,1,0,NA,"Unambiguous","Consistent",NA
"17858","Native",13,34,"continuation","rp","continuation rp",5,0,230,230,"Ambiguous","Consistent",230
"17860","Native",13,27,"continuation","rp","continuation rp",6,0,203,203,"Unambiguous","Consistent",203
"17862","Native",13,39,"continuation","rp","continuation rp",6,0,395,395,"Unambiguous","Consistent",395
"17864","Native",13,40,"continuation","rp","continuation rp",7,0,266,266,"Ambiguous","Inconsistent",266
"17866","Native",13,32,"continuation","rp","continuation rp",7,0,385,385,"Ambiguous","Inconsistent",385
"17868","Native",13,46,"continuation","rp","continuation rp",5,1,0,NA,"Ambiguous","Consistent",NA
"17870","Native",13,41,"continuation","rp","continuation rp",8,1,0,NA,"Unambiguous","Inconsistent",NA
"17872","Native",13,33,"continuation","rp","continuation rp",8,1,0,NA,"Unambiguous","Inconsistent",NA
"17874","Native",13,45,"continuation","rp","continuation rp",8,1,0,NA,"Unambiguous","Inconsistent",NA
"17876","Native",13,36,"continuation","rp","continuation rp",7,0,192,192,"Ambiguous","Inconsistent",192
"17878","Native",13,43,"continuation","rp","continuation rp",6,0,254,254,"Unambiguous","Consistent",254
"17880","Native",13,42,"continuation","rp","continuation rp",5,1,0,NA,"Ambiguous","Consistent",NA
"17882","Native",13,37,"continuation","rp","continuation rp",8,0,360,360,"Unambiguous","Inconsistent",360
"17884","Native",13,29,"continuation","rp","continuation rp",8,0,435,435,"Unambiguous","Inconsistent",435
"17886","Native",13,48,"continuation","rp","continuation rp",7,1,0,NA,"Ambiguous","Inconsistent",NA
"17888","Native",13,44,"continuation","rp","continuation rp",7,0,393,393,"Ambiguous","Inconsistent",393
"17890","Native",13,47,"continuation","rp","continuation rp",6,0,370,370,"Unambiguous","Consistent",370
"17892","Native",13,35,"continuation","rp","continuation rp",6,0,337,337,"Unambiguous","Consistent",337
"17894","Native",13,30,"continuation","rp","continuation rp",5,0,424,424,"Ambiguous","Consistent",424
"17896","Native",13,26,"continuation","rp","continuation rp",5,0,221,221,"Ambiguous","Consistent",221
"17898","Native",13,25,"continuation","rp","continuation rp",8,1,0,NA,"Unambiguous","Inconsistent",NA
"17900","Native",13,38,"continuation","rp","continuation rp",5,0,236,236,"Ambiguous","Consistent",236
"17902","Native",13,28,"continuation","rp","continuation rp",7,0,340,340,"Ambiguous","Inconsistent",340
"17904","Native",13,31,"continuation","rp","continuation rp",6,1,0,NA,"Unambiguous","Consistent",NA
"17906","Native",14,30,"continuation","rp","continuation rp",6,0,169,169,"Unambiguous","Consistent",169
"17908","Native",14,35,"continuation","rp","continuation rp",7,0,138,138,"Ambiguous","Inconsistent",138
"17910","Native",14,29,"continuation","rp","continuation rp",5,0,219,219,"Ambiguous","Consistent",219
"17912","Native",14,40,"continuation","rp","continuation rp",8,0,186,186,"Unambiguous","Inconsistent",186
"17914","Native",14,44,"continuation","rp","continuation rp",8,1,0,NA,"Unambiguous","Inconsistent",NA
"17916","Native",14,45,"continuation","rp","continuation rp",5,0,141,141,"Ambiguous","Consistent",141
"17918","Native",14,25,"continuation","rp","continuation rp",5,0,165,165,"Ambiguous","Consistent",165
"17920","Native",14,48,"continuation","rp","continuation rp",8,0,108,108,"Unambiguous","Inconsistent",108
"17922","Native",14,46,"continuation","rp","continuation rp",6,1,0,NA,"Unambiguous","Consistent",NA
"17924","Native",14,33,"continuation","rp","continuation rp",5,0,160,160,"Ambiguous","Consistent",160
"17926","Native",14,26,"continuation","rp","continuation rp",6,0,214,214,"Unambiguous","Consistent",214
"17928","Native",14,37,"continuation","rp","continuation rp",5,0,170,170,"Ambiguous","Consistent",170
"17930","Native",14,38,"continuation","rp","continuation rp",6,0,141,141,"Unambiguous","Consistent",141
"17932","Native",14,34,"continuation","rp","continuation rp",6,0,90,90,"Unambiguous","Consistent",90
"17934","Native",14,43,"continuation","rp","continuation rp",7,1,0,NA,"Ambiguous","Inconsistent",NA
"17936","Native",14,32,"continuation","rp","continuation rp",8,0,187,187,"Unambiguous","Inconsistent",187
"17938","Native",14,27,"continuation","rp","continuation rp",7,0,213,213,"Ambiguous","Inconsistent",213
"17940","Native",14,42,"continuation","rp","continuation rp",6,0,205,205,"Unambiguous","Consistent",205
"17942","Native",14,47,"continuation","rp","continuation rp",7,0,229,229,"Ambiguous","Inconsistent",229
"17944","Native",14,41,"continuation","rp","continuation rp",5,0,206,206,"Ambiguous","Consistent",206
"17946","Native",14,28,"continuation","rp","continuation rp",8,0,125,125,"Unambiguous","Inconsistent",125
"17948","Native",14,39,"continuation","rp","continuation rp",7,1,0,NA,"Ambiguous","Inconsistent",NA
"17950","Native",14,31,"continuation","rp","continuation rp",7,0,220,220,"Ambiguous","Inconsistent",220
"17952","Native",14,36,"continuation","rp","continuation rp",8,0,122,122,"Unambiguous","Inconsistent",122
"17953","Native",15,27,"continuation","rp","continuation rp",8,0,199,199,"Unambiguous","Inconsistent",199
"17955","Native",15,33,"continuation","rp","continuation rp",6,0,190,190,"Unambiguous","Consistent",190
"17957","Native",15,25,"continuation","rp","continuation rp",6,0,151,151,"Unambiguous","Consistent",151
"17959","Native",15,28,"continuation","rp","continuation rp",5,0,177,177,"Ambiguous","Consistent",177
"17961","Native",15,31,"continuation","rp","continuation rp",8,0,187,187,"Unambiguous","Inconsistent",187
"17963","Native",15,43,"continuation","rp","continuation rp",8,0,506,506,"Unambiguous","Inconsistent",506
"17965","Native",15,35,"continuation","rp","continuation rp",8,0,167,167,"Unambiguous","Inconsistent",167
"17967","Native",15,38,"continuation","rp","continuation rp",7,0,159,159,"Ambiguous","Inconsistent",159
"17969","Native",15,47,"continuation","rp","continuation rp",8,0,318,318,"Unambiguous","Inconsistent",318
"17971","Native",15,34,"continuation","rp","continuation rp",7,0,177,177,"Ambiguous","Inconsistent",177
"17973","Native",15,42,"continuation","rp","continuation rp",7,0,153,153,"Ambiguous","Inconsistent",153
"17975","Native",15,39,"continuation","rp","continuation rp",8,0,587,587,"Unambiguous","Inconsistent",587
"17977","Native",15,32,"continuation","rp","continuation rp",5,0,169,169,"Ambiguous","Consistent",169
"17979","Native",15,30,"continuation","rp","continuation rp",7,0,221,221,"Ambiguous","Inconsistent",221
"17981","Native",15,48,"continuation","rp","continuation rp",5,0,237,237,"Ambiguous","Consistent",237
"17983","Native",15,45,"continuation","rp","continuation rp",6,0,199,199,"Unambiguous","Consistent",199
"17985","Native",15,46,"continuation","rp","continuation rp",7,0,351,351,"Ambiguous","Inconsistent",351
"17987","Native",15,37,"continuation","rp","continuation rp",6,0,349,349,"Unambiguous","Consistent",349
"17989","Native",15,36,"continuation","rp","continuation rp",5,0,534,534,"Ambiguous","Consistent",534
"17991","Native",15,29,"continuation","rp","continuation rp",6,0,179,179,"Unambiguous","Consistent",179
"17993","Native",15,40,"continuation","rp","continuation rp",5,0,252,252,"Ambiguous","Consistent",252
"17995","Native",15,44,"continuation","rp","continuation rp",5,0,244,244,"Ambiguous","Consistent",244
"17997","Native",15,41,"continuation","rp","continuation rp",6,0,308,308,"Unambiguous","Consistent",308
"17999","Native",15,26,"continuation","rp","continuation rp",7,0,457,457,"Ambiguous","Inconsistent",457
"18001","Native",16,25,"continuation","rp","continuation rp",7,0,190,190,"Ambiguous","Inconsistent",190
"18003","Native",16,29,"continuation","rp","continuation rp",7,0,182,182,"Ambiguous","Inconsistent",182
"18005","Native",16,35,"continuation","rp","continuation rp",5,0,174,174,"Ambiguous","Consistent",174
"18007","Native",16,32,"continuation","rp","continuation rp",6,0,426,426,"Unambiguous","Consistent",426
"18009","Native",16,47,"continuation","rp","continuation rp",5,0,489,489,"Ambiguous","Consistent",489
"18011","Native",16,37,"continuation","rp","continuation rp",7,0,325,325,"Ambiguous","Inconsistent",325
"18013","Native",16,43,"continuation","rp","continuation rp",5,0,329,329,"Ambiguous","Consistent",329
"18015","Native",16,28,"continuation","rp","continuation rp",6,0,360,360,"Unambiguous","Consistent",360
"18017","Native",16,39,"continuation","rp","continuation rp",5,0,189,189,"Ambiguous","Consistent",189
"18019","Native",16,30,"continuation","rp","continuation rp",8,0,391,391,"Unambiguous","Inconsistent",391
"18021","Native",16,26,"continuation","rp","continuation rp",8,0,200,200,"Unambiguous","Inconsistent",200
"18023","Native",16,27,"continuation","rp","continuation rp",5,0,248,248,"Ambiguous","Consistent",248
"18025","Native",16,44,"continuation","rp","continuation rp",6,0,177,177,"Unambiguous","Consistent",177
"18027","Native",16,42,"continuation","rp","continuation rp",8,0,200,200,"Unambiguous","Inconsistent",200
"18029","Native",16,33,"continuation","rp","continuation rp",7,0,553,553,"Ambiguous","Inconsistent",553
"18031","Native",16,45,"continuation","rp","continuation rp",7,0,363,363,"Ambiguous","Inconsistent",363
"18033","Native",16,48,"continuation","rp","continuation rp",6,1,0,NA,"Unambiguous","Consistent",NA
"18035","Native",16,46,"continuation","rp","continuation rp",8,0,175,175,"Unambiguous","Inconsistent",175
"18037","Native",16,31,"continuation","rp","continuation rp",5,0,192,192,"Ambiguous","Consistent",192
"18039","Native",16,38,"continuation","rp","continuation rp",8,0,518,518,"Unambiguous","Inconsistent",518
"18041","Native",16,40,"continuation","rp","continuation rp",6,1,0,NA,"Unambiguous","Consistent",NA
"18043","Native",16,34,"continuation","rp","continuation rp",8,0,447,447,"Unambiguous","Inconsistent",447
"18045","Native",16,41,"continuation","rp","continuation rp",7,0,373,373,"Ambiguous","Inconsistent",373
"18047","Native",16,36,"continuation","rp","continuation rp",6,1,0,NA,"Unambiguous","Consistent",NA
"18049","Native",17,35,"continuation","rp","continuation rp",6,0,624,624,"Unambiguous","Consistent",624
"18051","Native",17,44,"continuation","rp","continuation rp",7,0,152,152,"Ambiguous","Inconsistent",152
"18053","Native",17,45,"continuation","rp","continuation rp",8,0,302,302,"Unambiguous","Inconsistent",302
"18055","Native",17,27,"continuation","rp","continuation rp",6,0,307,307,"Unambiguous","Consistent",307
"18057","Native",17,32,"continuation","rp","continuation rp",7,0,508,508,"Ambiguous","Inconsistent",508
"18059","Native",17,31,"continuation","rp","continuation rp",6,0,348,348,"Unambiguous","Consistent",348
"18061","Native",17,43,"continuation","rp","continuation rp",6,0,271,271,"Unambiguous","Consistent",271
"18063","Native",17,25,"continuation","rp","continuation rp",8,0,506,506,"Unambiguous","Inconsistent",506
"18065","Native",17,38,"continuation","rp","continuation rp",5,1,0,NA,"Ambiguous","Consistent",NA
"18067","Native",17,46,"continuation","rp","continuation rp",5,1,0,NA,"Ambiguous","Consistent",NA
"18069","Native",17,40,"continuation","rp","continuation rp",7,0,314,314,"Ambiguous","Inconsistent",314
"18071","Native",17,37,"continuation","rp","continuation rp",8,0,318,318,"Unambiguous","Inconsistent",318
"18073","Native",17,41,"continuation","rp","continuation rp",8,0,169,169,"Unambiguous","Inconsistent",169
"18075","Native",17,42,"continuation","rp","continuation rp",5,0,294,294,"Ambiguous","Consistent",294
"18077","Native",17,30,"continuation","rp","continuation rp",5,0,655,655,"Ambiguous","Consistent",655
"18079","Native",17,29,"continuation","rp","continuation rp",8,0,138,138,"Unambiguous","Inconsistent",138
"18081","Native",17,28,"continuation","rp","continuation rp",7,0,302,302,"Ambiguous","Inconsistent",302
"18083","Native",17,33,"continuation","rp","continuation rp",8,0,298,298,"Unambiguous","Inconsistent",298
"18085","Native",17,36,"continuation","rp","continuation rp",7,0,368,368,"Ambiguous","Inconsistent",368
"18087","Native",17,26,"continuation","rp","continuation rp",5,0,352,352,"Ambiguous","Consistent",352
"18089","Native",17,34,"continuation","rp","continuation rp",5,0,966,966,"Ambiguous","Consistent",966
"18091","Native",17,47,"continuation","rp","continuation rp",6,0,142,142,"Unambiguous","Consistent",142
"18093","Native",17,48,"continuation","rp","continuation rp",7,0,501,501,"Ambiguous","Inconsistent",501
"18095","Native",17,39,"continuation","rp","continuation rp",6,0,147,147,"Unambiguous","Consistent",147
"18098","Native",18,36,"continuation","rp","continuation rp",8,0,530,530,"Unambiguous","Inconsistent",530
"18100","Native",18,34,"continuation","rp","continuation rp",6,0,162,162,"Unambiguous","Consistent",162
"18102","Native",18,28,"continuation","rp","continuation rp",8,1,0,NA,"Unambiguous","Inconsistent",NA
"18104","Native",18,40,"continuation","rp","continuation rp",8,0,155,155,"Unambiguous","Inconsistent",155
"18106","Native",18,33,"continuation","rp","continuation rp",5,0,157,157,"Ambiguous","Consistent",157
"18108","Native",18,42,"continuation","rp","continuation rp",6,0,187,187,"Unambiguous","Consistent",187
"18110","Native",18,46,"continuation","rp","continuation rp",6,1,0,NA,"Unambiguous","Consistent",NA
"18112","Native",18,30,"continuation","rp","continuation rp",6,1,0,NA,"Unambiguous","Consistent",NA
"18114","Native",18,27,"continuation","rp","continuation rp",7,0,157,157,"Ambiguous","Inconsistent",157
"18116","Native",18,47,"continuation","rp","continuation rp",7,0,305,305,"Ambiguous","Inconsistent",305
"18118","Native",18,35,"continuation","rp","continuation rp",7,0,494,494,"Ambiguous","Inconsistent",494
"18120","Native",18,37,"continuation","rp","continuation rp",5,0,407,407,"Ambiguous","Consistent",407
"18122","Native",18,25,"continuation","rp","continuation rp",5,1,0,NA,"Ambiguous","Consistent",NA
"18124","Native",18,44,"continuation","rp","continuation rp",8,1,0,NA,"Unambiguous","Inconsistent",NA
"18126","Native",18,39,"continuation","rp","continuation rp",7,1,0,NA,"Ambiguous","Inconsistent",NA
"18128","Native",18,41,"continuation","rp","continuation rp",5,0,262,262,"Ambiguous","Consistent",262
"18130","Native",18,29,"continuation","rp","continuation rp",5,0,157,157,"Ambiguous","Consistent",157
"18132","Native",18,32,"continuation","rp","continuation rp",8,1,0,NA,"Unambiguous","Inconsistent",NA
"18134","Native",18,26,"continuation","rp","continuation rp",6,0,284,284,"Unambiguous","Consistent",284
"18136","Native",18,31,"continuation","rp","continuation rp",7,0,146,146,"Ambiguous","Inconsistent",146
"18138","Native",18,43,"continuation","rp","continuation rp",7,1,0,NA,"Ambiguous","Inconsistent",NA
"18140","Native",18,45,"continuation","rp","continuation rp",5,1,0,NA,"Ambiguous","Consistent",NA
"18142","Native",18,38,"continuation","rp","continuation rp",6,0,322,322,"Unambiguous","Consistent",322
"18144","Native",18,48,"continuation","rp","continuation rp",8,0,156,156,"Unambiguous","Inconsistent",156
"18146","Native",19,26,"continuation","rp","continuation rp",7,0,224,224,"Ambiguous","Inconsistent",224
"18148","Native",19,27,"continuation","rp","continuation rp",8,0,185,185,"Unambiguous","Inconsistent",185
"18150","Native",19,43,"continuation","rp","continuation rp",8,0,165,165,"Unambiguous","Inconsistent",165
"18152","Native",19,40,"continuation","rp","continuation rp",5,0,237,237,"Ambiguous","Consistent",237
"18154","Native",19,48,"continuation","rp","continuation rp",5,0,546,546,"Ambiguous","Consistent",546
"18156","Native",19,38,"continuation","rp","continuation rp",7,0,245,245,"Ambiguous","Inconsistent",245
"18158","Native",19,28,"continuation","rp","continuation rp",5,0,206,206,"Ambiguous","Consistent",206
"18160","Native",19,31,"continuation","rp","continuation rp",8,0,243,243,"Unambiguous","Inconsistent",243
"18162","Native",19,37,"continuation","rp","continuation rp",6,0,279,279,"Unambiguous","Consistent",279
"18164","Native",19,30,"continuation","rp","continuation rp",7,1,0,NA,"Ambiguous","Inconsistent",NA
"18166","Native",19,44,"continuation","rp","continuation rp",5,0,246,246,"Ambiguous","Consistent",246
"18168","Native",19,32,"continuation","rp","continuation rp",5,1,0,NA,"Ambiguous","Consistent",NA
"18170","Native",19,42,"continuation","rp","continuation rp",7,0,160,160,"Ambiguous","Inconsistent",160
"18172","Native",19,46,"continuation","rp","continuation rp",7,0,197,197,"Ambiguous","Inconsistent",197
"18174","Native",19,34,"continuation","rp","continuation rp",7,1,0,NA,"Ambiguous","Inconsistent",NA
"18176","Native",19,39,"continuation","rp","continuation rp",8,0,312,312,"Unambiguous","Inconsistent",312
"18178","Native",19,36,"continuation","rp","continuation rp",5,0,213,213,"Ambiguous","Consistent",213
"18180","Native",19,35,"continuation","rp","continuation rp",8,0,359,359,"Unambiguous","Inconsistent",359
"18182","Native",19,25,"continuation","rp","continuation rp",6,0,124,124,"Unambiguous","Consistent",124
"18184","Native",19,45,"continuation","rp","continuation rp",6,1,0,NA,"Unambiguous","Consistent",NA
"18186","Native",19,29,"continuation","rp","continuation rp",6,0,263,263,"Unambiguous","Consistent",263
"18188","Native",19,41,"continuation","rp","continuation rp",6,0,208,208,"Unambiguous","Consistent",208
"18190","Native",19,33,"continuation","rp","continuation rp",6,0,342,342,"Unambiguous","Consistent",342
"18192","Native",19,47,"continuation","rp","continuation rp",8,1,0,NA,"Unambiguous","Inconsistent",NA
"18193","Native",20,44,"continuation","rp","continuation rp",6,0,179,179,"Unambiguous","Consistent",179
"18195","Native",20,42,"continuation","rp","continuation rp",8,1,0,NA,"Unambiguous","Inconsistent",NA
"18197","Native",20,34,"continuation","rp","continuation rp",8,0,201,201,"Unambiguous","Inconsistent",201
"18199","Native",20,27,"continuation","rp","continuation rp",5,0,176,176,"Ambiguous","Consistent",176
"18201","Native",20,32,"continuation","rp","continuation rp",6,0,282,282,"Unambiguous","Consistent",282
"18203","Native",20,37,"continuation","rp","continuation rp",7,0,205,205,"Ambiguous","Inconsistent",205
"18205","Native",20,36,"continuation","rp","continuation rp",6,0,124,124,"Unambiguous","Consistent",124
"18207","Native",20,40,"continuation","rp","continuation rp",6,1,0,NA,"Unambiguous","Consistent",NA
"18209","Native",20,30,"continuation","rp","continuation rp",8,1,0,NA,"Unambiguous","Inconsistent",NA
"18211","Native",20,48,"continuation","rp","continuation rp",6,1,0,NA,"Unambiguous","Consistent",NA
"18213","Native",20,45,"continuation","rp","continuation rp",7,0,173,173,"Ambiguous","Inconsistent",173
"18215","Native",20,28,"continuation","rp","continuation rp",6,0,120,120,"Unambiguous","Consistent",120
"18217","Native",20,47,"continuation","rp","continuation rp",5,0,164,164,"Ambiguous","Consistent",164
"18219","Native",20,43,"continuation","rp","continuation rp",5,0,146,146,"Ambiguous","Consistent",146
"18221","Native",20,33,"continuation","rp","continuation rp",7,0,186,186,"Ambiguous","Inconsistent",186
"18223","Native",20,41,"continuation","rp","continuation rp",7,0,150,150,"Ambiguous","Inconsistent",150
"18225","Native",20,46,"continuation","rp","continuation rp",8,0,183,183,"Unambiguous","Inconsistent",183
"18227","Native",20,39,"continuation","rp","continuation rp",5,0,148,148,"Ambiguous","Consistent",148
"18229","Native",20,35,"continuation","rp","continuation rp",5,0,172,172,"Ambiguous","Consistent",172
"18231","Native",20,31,"continuation","rp","continuation rp",5,0,178,178,"Ambiguous","Consistent",178
"18233","Native",20,29,"continuation","rp","continuation rp",7,0,150,150,"Ambiguous","Inconsistent",150
"18235","Native",20,38,"continuation","rp","continuation rp",8,0,111,111,"Unambiguous","Inconsistent",111
"18237","Native",20,26,"continuation","rp","continuation rp",8,0,253,253,"Unambiguous","Inconsistent",253
"18239","Native",20,25,"continuation","rp","continuation rp",7,0,235,235,"Ambiguous","Inconsistent",235
"18242","Native",21,47,"continuation","rp","continuation rp",6,1,0,NA,"Unambiguous","Consistent",NA
"18244","Native",21,33,"continuation","rp","continuation rp",8,0,312,312,"Unambiguous","Inconsistent",312
"18246","Native",21,31,"continuation","rp","continuation rp",6,0,310,310,"Unambiguous","Consistent",310
"18248","Native",21,28,"continuation","rp","continuation rp",7,0,390,390,"Ambiguous","Inconsistent",390
"18250","Native",21,29,"continuation","rp","continuation rp",8,0,806,806,"Unambiguous","Inconsistent",806
"18252","Native",21,26,"continuation","rp","continuation rp",5,0,256,256,"Ambiguous","Consistent",256
"18254","Native",21,40,"continuation","rp","continuation rp",7,1,0,NA,"Ambiguous","Inconsistent",NA
"18256","Native",21,48,"continuation","rp","continuation rp",7,0,200,200,"Ambiguous","Inconsistent",200
"18258","Native",21,32,"continuation","rp","continuation rp",7,0,444,444,"Ambiguous","Inconsistent",444
"18260","Native",21,44,"continuation","rp","continuation rp",7,0,316,316,"Ambiguous","Inconsistent",316
"18262","Native",21,36,"continuation","rp","continuation rp",7,0,370,370,"Ambiguous","Inconsistent",370
"18264","Native",21,41,"continuation","rp","continuation rp",8,0,206,206,"Unambiguous","Inconsistent",206
"18266","Native",21,34,"continuation","rp","continuation rp",5,0,216,216,"Ambiguous","Consistent",216
"18268","Native",21,38,"continuation","rp","continuation rp",5,0,142,142,"Ambiguous","Consistent",142
"18270","Native",21,43,"continuation","rp","continuation rp",6,0,1158,1158,"Unambiguous","Consistent",1158
"18272","Native",21,25,"continuation","rp","continuation rp",8,0,358,358,"Unambiguous","Inconsistent",358
"18274","Native",21,37,"continuation","rp","continuation rp",8,0,882,882,"Unambiguous","Inconsistent",882
"18276","Native",21,27,"continuation","rp","continuation rp",6,1,0,NA,"Unambiguous","Consistent",NA
"18278","Native",21,46,"continuation","rp","continuation rp",5,0,204,204,"Ambiguous","Consistent",204
"18280","Native",21,42,"continuation","rp","continuation rp",5,0,278,278,"Ambiguous","Consistent",278
"18282","Native",21,45,"continuation","rp","continuation rp",8,0,264,264,"Unambiguous","Inconsistent",264
"18284","Native",21,35,"continuation","rp","continuation rp",6,0,2136,2136,"Unambiguous","Consistent",NA
"18286","Native",21,39,"continuation","rp","continuation rp",6,0,298,298,"Unambiguous","Consistent",298
"18288","Native",21,30,"continuation","rp","continuation rp",5,0,474,474,"Ambiguous","Consistent",474
"18290","Native",22,43,"continuation","rp","continuation rp",7,0,270,270,"Ambiguous","Inconsistent",270
"18292","Native",22,39,"continuation","rp","continuation rp",7,0,367,367,"Ambiguous","Inconsistent",367
"18294","Native",22,46,"continuation","rp","continuation rp",6,1,0,NA,"Unambiguous","Consistent",NA
"18296","Native",22,48,"continuation","rp","continuation rp",8,1,0,NA,"Unambiguous","Inconsistent",NA
"18298","Native",22,40,"continuation","rp","continuation rp",8,0,257,257,"Unambiguous","Inconsistent",257
"18300","Native",22,42,"continuation","rp","continuation rp",6,0,215,215,"Unambiguous","Consistent",215
"18302","Native",22,25,"continuation","rp","continuation rp",5,0,164,164,"Ambiguous","Consistent",164
"18304","Native",22,35,"continuation","rp","continuation rp",7,0,161,161,"Ambiguous","Inconsistent",161
"18306","Native",22,29,"continuation","rp","continuation rp",5,0,200,200,"Ambiguous","Consistent",200
"18308","Native",22,37,"continuation","rp","continuation rp",5,0,912,912,"Ambiguous","Consistent",NA
"18310","Native",22,45,"continuation","rp","continuation rp",5,0,312,312,"Ambiguous","Consistent",312
"18312","Native",22,41,"continuation","rp","continuation rp",5,1,0,NA,"Ambiguous","Consistent",NA
"18314","Native",22,26,"continuation","rp","continuation rp",6,0,261,261,"Unambiguous","Consistent",261
"18316","Native",22,32,"continuation","rp","continuation rp",8,0,234,234,"Unambiguous","Inconsistent",234
"18318","Native",22,47,"continuation","rp","continuation rp",7,0,345,345,"Ambiguous","Inconsistent",345
"18320","Native",22,27,"continuation","rp","continuation rp",7,0,271,271,"Ambiguous","Inconsistent",271
"18322","Native",22,44,"continuation","rp","continuation rp",8,0,216,216,"Unambiguous","Inconsistent",216
"18324","Native",22,28,"continuation","rp","continuation rp",8,0,196,196,"Unambiguous","Inconsistent",196
"18326","Native",22,30,"continuation","rp","continuation rp",6,0,160,160,"Unambiguous","Consistent",160
"18328","Native",22,34,"continuation","rp","continuation rp",6,0,423,423,"Unambiguous","Consistent",423
"18330","Native",22,36,"continuation","rp","continuation rp",8,0,256,256,"Unambiguous","Inconsistent",256
"18332","Native",22,31,"continuation","rp","continuation rp",7,0,263,263,"Ambiguous","Inconsistent",263
"18334","Native",22,33,"continuation","rp","continuation rp",5,0,383,383,"Ambiguous","Consistent",383
"18336","Native",22,38,"continuation","rp","continuation rp",6,0,249,249,"Unambiguous","Consistent",249
"18338","Native",23,35,"continuation","rp","continuation rp",5,0,218,218,"Ambiguous","Consistent",218
"18340","Native",23,42,"continuation","rp","continuation rp",8,0,244,244,"Unambiguous","Inconsistent",244
"18342","Native",23,33,"continuation","rp","continuation rp",7,0,162,162,"Ambiguous","Inconsistent",162
"18344","Native",23,32,"continuation","rp","continuation rp",6,0,169,169,"Unambiguous","Consistent",169
"18346","Native",23,29,"continuation","rp","continuation rp",7,0,148,148,"Ambiguous","Inconsistent",148
"18348","Native",23,30,"continuation","rp","continuation rp",8,0,663,663,"Unambiguous","Inconsistent",663
"18350","Native",23,26,"continuation","rp","continuation rp",8,0,210,210,"Unambiguous","Inconsistent",210
"18352","Native",23,38,"continuation","rp","continuation rp",8,0,141,141,"Unambiguous","Inconsistent",141
"18354","Native",23,34,"continuation","rp","continuation rp",8,0,241,241,"Unambiguous","Inconsistent",241
"18356","Native",23,31,"continuation","rp","continuation rp",5,0,484,484,"Ambiguous","Consistent",484
"18358","Native",23,41,"continuation","rp","continuation rp",7,0,136,136,"Ambiguous","Inconsistent",136
"18360","Native",23,47,"continuation","rp","continuation rp",5,0,171,171,"Ambiguous","Consistent",171
"18362","Native",23,28,"continuation","rp","continuation rp",6,0,238,238,"Unambiguous","Consistent",238
"18364","Native",23,25,"continuation","rp","continuation rp",7,0,164,164,"Ambiguous","Inconsistent",164
"18366","Native",23,46,"continuation","rp","continuation rp",8,0,168,168,"Unambiguous","Inconsistent",168
"18368","Native",23,43,"continuation","rp","continuation rp",5,0,180,180,"Ambiguous","Consistent",180
"18370","Native",23,39,"continuation","rp","continuation rp",5,0,158,158,"Ambiguous","Consistent",158
"18372","Native",23,27,"continuation","rp","continuation rp",5,0,129,129,"Ambiguous","Consistent",129
"18374","Native",23,44,"continuation","rp","continuation rp",6,0,224,224,"Unambiguous","Consistent",224
"18376","Native",23,40,"continuation","rp","continuation rp",6,0,223,223,"Unambiguous","Consistent",223
"18378","Native",23,48,"continuation","rp","continuation rp",6,0,155,155,"Unambiguous","Consistent",155
"18380","Native",23,36,"continuation","rp","continuation rp",6,0,208,208,"Unambiguous","Consistent",208
"18382","Native",23,45,"continuation","rp","continuation rp",7,0,219,219,"Ambiguous","Inconsistent",219
"18384","Native",23,37,"continuation","rp","continuation rp",7,0,465,465,"Ambiguous","Inconsistent",465
"18386","Native",24,42,"continuation","rp","continuation rp",7,0,397,397,"Ambiguous","Inconsistent",397
"18388","Native",24,43,"continuation","rp","continuation rp",8,0,210,210,"Unambiguous","Inconsistent",210
"18390","Native",24,33,"continuation","rp","continuation rp",6,0,163,163,"Unambiguous","Consistent",163
"18392","Native",24,41,"continuation","rp","continuation rp",6,0,227,227,"Unambiguous","Consistent",227
"18394","Native",24,45,"continuation","rp","continuation rp",6,0,305,305,"Unambiguous","Consistent",305
"18396","Native",24,44,"continuation","rp","continuation rp",5,0,244,244,"Ambiguous","Consistent",244
"18398","Native",24,47,"continuation","rp","continuation rp",8,0,425,425,"Unambiguous","Inconsistent",425
"18400","Native",24,38,"continuation","rp","continuation rp",7,0,359,359,"Ambiguous","Inconsistent",359
"18402","Native",24,28,"continuation","rp","continuation rp",5,0,461,461,"Ambiguous","Consistent",461
"18404","Native",24,27,"continuation","rp","continuation rp",8,0,251,251,"Unambiguous","Inconsistent",251
"18406","Native",24,31,"continuation","rp","continuation rp",8,0,405,405,"Unambiguous","Inconsistent",405
"18408","Native",24,32,"continuation","rp","continuation rp",5,0,381,381,"Ambiguous","Consistent",381
"18410","Native",24,30,"continuation","rp","continuation rp",7,0,416,416,"Ambiguous","Inconsistent",416
"18412","Native",24,46,"continuation","rp","continuation rp",7,0,309,309,"Ambiguous","Inconsistent",309
"18414","Native",24,35,"continuation","rp","continuation rp",8,0,490,490,"Unambiguous","Inconsistent",490
"18416","Native",24,37,"continuation","rp","continuation rp",6,0,450,450,"Unambiguous","Consistent",450
"18418","Native",24,25,"continuation","rp","continuation rp",6,0,143,143,"Unambiguous","Consistent",143
"18420","Native",24,29,"continuation","rp","continuation rp",6,0,316,316,"Unambiguous","Consistent",316
"18422","Native",24,34,"continuation","rp","continuation rp",7,0,311,311,"Ambiguous","Inconsistent",311
"18424","Native",24,40,"continuation","rp","continuation rp",5,0,412,412,"Ambiguous","Consistent",412
"18426","Native",24,39,"continuation","rp","continuation rp",8,0,353,353,"Unambiguous","Inconsistent",353
"18428","Native",24,36,"continuation","rp","continuation rp",5,0,173,173,"Ambiguous","Consistent",173
"18430","Native",24,48,"continuation","rp","continuation rp",5,0,338,338,"Ambiguous","Consistent",338
"18432","Native",24,26,"continuation","rp","continuation rp",7,0,330,330,"Ambiguous","Inconsistent",330
"18434","Native",25,48,"continuation","rp","continuation rp",6,0,6389,6389,"Unambiguous","Consistent",NA
"18436","Native",25,28,"continuation","rp","continuation rp",6,0,570,570,"Unambiguous","Consistent",570
"18438","Native",25,46,"continuation","rp","continuation rp",8,1,0,NA,"Unambiguous","Inconsistent",NA
"18440","Native",25,27,"continuation","rp","continuation rp",5,0,279,279,"Ambiguous","Consistent",279
"18442","Native",25,25,"continuation","rp","continuation rp",7,0,243,243,"Ambiguous","Inconsistent",243
"18444","Native",25,43,"continuation","rp","continuation rp",5,0,190,190,"Ambiguous","Consistent",190
"18446","Native",25,34,"continuation","rp","continuation rp",8,0,235,235,"Unambiguous","Inconsistent",235
"18448","Native",25,36,"continuation","rp","continuation rp",6,0,172,172,"Unambiguous","Consistent",172
"18450","Native",25,31,"continuation","rp","continuation rp",5,1,0,NA,"Ambiguous","Consistent",NA
"18452","Native",25,37,"continuation","rp","continuation rp",7,0,304,304,"Ambiguous","Inconsistent",304
"18454","Native",25,30,"continuation","rp","continuation rp",8,0,161,161,"Unambiguous","Inconsistent",161
"18456","Native",25,45,"continuation","rp","continuation rp",7,0,268,268,"Ambiguous","Inconsistent",268
"18458","Native",25,38,"continuation","rp","continuation rp",8,0,106,106,"Unambiguous","Inconsistent",106
"18460","Native",25,40,"continuation","rp","continuation rp",6,0,208,208,"Unambiguous","Consistent",208
"18462","Native",25,32,"continuation","rp","continuation rp",6,0,452,452,"Unambiguous","Consistent",452
"18464","Native",25,47,"continuation","rp","continuation rp",5,1,0,NA,"Ambiguous","Consistent",NA
"18466","Native",25,41,"continuation","rp","continuation rp",7,0,170,170,"Ambiguous","Inconsistent",170
"18468","Native",25,33,"continuation","rp","continuation rp",7,0,171,171,"Ambiguous","Inconsistent",171
"18470","Native",25,26,"continuation","rp","continuation rp",8,0,191,191,"Unambiguous","Inconsistent",191
"18472","Native",25,35,"continuation","rp","continuation rp",5,0,357,357,"Ambiguous","Consistent",357
"18474","Native",25,42,"continuation","rp","continuation rp",8,1,0,NA,"Unambiguous","Inconsistent",NA
"18476","Native",25,44,"continuation","rp","continuation rp",6,1,0,NA,"Unambiguous","Consistent",NA
"18478","Native",25,29,"continuation","rp","continuation rp",7,0,322,322,"Ambiguous","Inconsistent",322
"18480","Native",25,39,"continuation","rp","continuation rp",5,0,233,233,"Ambiguous","Consistent",233
"18481","Native",26,27,"continuation","rp","continuation rp",6,1,0,NA,"Unambiguous","Consistent",NA
"18483","Native",26,33,"continuation","rp","continuation rp",8,0,195,195,"Unambiguous","Inconsistent",195
"18485","Native",26,30,"continuation","rp","continuation rp",5,1,0,NA,"Ambiguous","Consistent",NA
"18487","Native",26,42,"continuation","rp","continuation rp",5,0,221,221,"Ambiguous","Consistent",221
"18489","Native",26,46,"continuation","rp","continuation rp",5,1,0,NA,"Ambiguous","Consistent",NA
"18491","Native",26,29,"continuation","rp","continuation rp",8,0,267,267,"Unambiguous","Inconsistent",267
"18493","Native",26,28,"continuation","rp","continuation rp",7,0,164,164,"Ambiguous","Inconsistent",164
"18495","Native",26,31,"continuation","rp","continuation rp",6,0,187,187,"Unambiguous","Consistent",187
"18497","Native",26,34,"continuation","rp","continuation rp",5,0,180,180,"Ambiguous","Consistent",180
"18499","Native",26,43,"continuation","rp","continuation rp",6,0,262,262,"Unambiguous","Consistent",262
"18501","Native",26,26,"continuation","rp","continuation rp",5,0,212,212,"Ambiguous","Consistent",212
"18503","Native",26,40,"continuation","rp","continuation rp",7,0,326,326,"Ambiguous","Inconsistent",326
"18505","Native",26,32,"continuation","rp","continuation rp",7,0,338,338,"Ambiguous","Inconsistent",338
"18507","Native",26,35,"continuation","rp","continuation rp",6,0,182,182,"Unambiguous","Consistent",182
"18509","Native",26,39,"continuation","rp","continuation rp",6,0,198,198,"Unambiguous","Consistent",198
"18511","Native",26,45,"continuation","rp","continuation rp",8,0,211,211,"Unambiguous","Inconsistent",211
"18513","Native",26,37,"continuation","rp","continuation rp",8,1,0,NA,"Unambiguous","Inconsistent",NA
"18515","Native",26,36,"continuation","rp","continuation rp",7,0,148,148,"Ambiguous","Inconsistent",148
"18517","Native",26,47,"continuation","rp","continuation rp",6,0,163,163,"Unambiguous","Consistent",163
"18519","Native",26,25,"continuation","rp","continuation rp",8,0,195,195,"Unambiguous","Inconsistent",195
"18521","Native",26,38,"continuation","rp","continuation rp",5,0,199,199,"Ambiguous","Consistent",199
"18523","Native",26,44,"continuation","rp","continuation rp",7,0,152,152,"Ambiguous","Inconsistent",152
"18525","Native",26,41,"continuation","rp","continuation rp",8,0,199,199,"Unambiguous","Inconsistent",199
"18527","Native",26,48,"continuation","rp","continuation rp",7,0,209,209,"Ambiguous","Inconsistent",209
"18529","Native",27,34,"continuation","rp","continuation rp",6,0,211,211,"Unambiguous","Consistent",211
"18531","Native",27,28,"continuation","rp","continuation rp",8,0,190,190,"Unambiguous","Inconsistent",190
"18533","Native",27,36,"continuation","rp","continuation rp",8,0,212,212,"Unambiguous","Inconsistent",212
"18535","Native",27,25,"continuation","rp","continuation rp",5,0,171,171,"Ambiguous","Consistent",171
"18537","Native",27,40,"continuation","rp","continuation rp",8,0,381,381,"Unambiguous","Inconsistent",381
"18539","Native",27,33,"continuation","rp","continuation rp",5,0,222,222,"Ambiguous","Consistent",222
"18541","Native",27,37,"continuation","rp","continuation rp",5,0,363,363,"Ambiguous","Consistent",363
"18543","Native",27,48,"continuation","rp","continuation rp",8,0,578,578,"Unambiguous","Inconsistent",578
"18545","Native",27,31,"continuation","rp","continuation rp",7,0,199,199,"Ambiguous","Inconsistent",199
"18547","Native",27,35,"continuation","rp","continuation rp",7,0,201,201,"Ambiguous","Inconsistent",201
"18549","Native",27,32,"continuation","rp","continuation rp",8,0,235,235,"Unambiguous","Inconsistent",235
"18551","Native",27,47,"continuation","rp","continuation rp",7,0,287,287,"Ambiguous","Inconsistent",287
"18553","Native",27,27,"continuation","rp","continuation rp",7,0,532,532,"Ambiguous","Inconsistent",532
"18555","Native",27,30,"continuation","rp","continuation rp",6,0,201,201,"Unambiguous","Consistent",201
"18557","Native",27,45,"continuation","rp","continuation rp",5,0,225,225,"Ambiguous","Consistent",225
"18559","Native",27,43,"continuation","rp","continuation rp",7,0,207,207,"Ambiguous","Inconsistent",207
"18561","Native",27,46,"continuation","rp","continuation rp",6,0,211,211,"Unambiguous","Consistent",211
"18563","Native",27,42,"continuation","rp","continuation rp",6,0,279,279,"Unambiguous","Consistent",279
"18565","Native",27,39,"continuation","rp","continuation rp",7,1,0,NA,"Ambiguous","Inconsistent",NA
"18567","Native",27,29,"continuation","rp","continuation rp",5,0,210,210,"Ambiguous","Consistent",210
"18569","Native",27,38,"continuation","rp","continuation rp",6,1,0,NA,"Unambiguous","Consistent",NA
"18571","Native",27,44,"continuation","rp","continuation rp",8,0,197,197,"Unambiguous","Inconsistent",197
"18573","Native",27,41,"continuation","rp","continuation rp",5,0,253,253,"Ambiguous","Consistent",253
"18575","Native",27,26,"continuation","rp","continuation rp",6,0,134,134,"Unambiguous","Consistent",134
"18577","Native",28,39,"continuation","rp","continuation rp",8,0,184,184,"Unambiguous","Inconsistent",184
"18579","Native",28,37,"continuation","rp","continuation rp",6,0,260,260,"Unambiguous","Consistent",260
"18581","Native",28,25,"continuation","rp","continuation rp",6,0,188,188,"Unambiguous","Consistent",188
"18583","Native",28,28,"continuation","rp","continuation rp",5,0,304,304,"Ambiguous","Consistent",304
"18585","Native",28,36,"continuation","rp","continuation rp",5,0,146,146,"Ambiguous","Consistent",146
"18587","Native",28,42,"continuation","rp","continuation rp",7,0,196,196,"Ambiguous","Inconsistent",196
"18589","Native",28,30,"continuation","rp","continuation rp",7,0,298,298,"Ambiguous","Inconsistent",298
"18591","Native",28,41,"continuation","rp","continuation rp",6,0,196,196,"Unambiguous","Consistent",196
"18593","Native",28,32,"continuation","rp","continuation rp",5,0,194,194,"Ambiguous","Consistent",194
"18595","Native",28,35,"continuation","rp","continuation rp",8,0,242,242,"Unambiguous","Inconsistent",242
"18597","Native",28,46,"continuation","rp","continuation rp",7,1,0,NA,"Ambiguous","Inconsistent",NA
"18599","Native",28,40,"continuation","rp","continuation rp",5,0,200,200,"Ambiguous","Consistent",200
"18601","Native",28,31,"continuation","rp","continuation rp",8,0,170,170,"Unambiguous","Inconsistent",170
"18603","Native",28,48,"continuation","rp","continuation rp",5,0,272,272,"Ambiguous","Consistent",272
"18605","Native",28,34,"continuation","rp","continuation rp",7,0,200,200,"Ambiguous","Inconsistent",200
"18607","Native",28,44,"continuation","rp","continuation rp",5,0,226,226,"Ambiguous","Consistent",226
"18609","Native",28,38,"continuation","rp","continuation rp",7,0,406,406,"Ambiguous","Inconsistent",406
"18611","Native",28,45,"continuation","rp","continuation rp",6,0,204,204,"Unambiguous","Consistent",204
"18613","Native",28,43,"continuation","rp","continuation rp",8,0,154,154,"Unambiguous","Inconsistent",154
"18615","Native",28,29,"continuation","rp","continuation rp",6,1,0,NA,"Unambiguous","Consistent",NA
"18617","Native",28,27,"continuation","rp","continuation rp",8,0,406,406,"Unambiguous","Inconsistent",406
"18619","Native",28,26,"continuation","rp","continuation rp",7,0,212,212,"Ambiguous","Inconsistent",212
"18621","Native",28,47,"continuation","rp","continuation rp",8,0,934,934,"Unambiguous","Inconsistent",NA
"18623","Native",28,33,"continuation","rp","continuation rp",6,1,0,NA,"Unambiguous","Consistent",NA
"18626","Native",29,40,"continuation","rp","continuation rp",6,0,326,326,"Unambiguous","Consistent",326
"18628","Native",29,34,"continuation","rp","continuation rp",8,0,344,344,"Unambiguous","Inconsistent",344
"18630","Native",29,28,"continuation","rp","continuation rp",6,0,288,288,"Unambiguous","Consistent",288
"18632","Native",29,32,"continuation","rp","continuation rp",6,0,180,180,"Unambiguous","Consistent",180
"18634","Native",29,26,"continuation","rp","continuation rp",8,0,264,264,"Unambiguous","Inconsistent",264
"18636","Native",29,33,"continuation","rp","continuation rp",7,0,204,204,"Ambiguous","Inconsistent",204
"18638","Native",29,30,"continuation","rp","continuation rp",8,0,176,176,"Unambiguous","Inconsistent",176
"18640","Native",29,44,"continuation","rp","continuation rp",6,0,312,312,"Unambiguous","Consistent",312
"18642","Native",29,43,"continuation","rp","continuation rp",5,0,250,250,"Ambiguous","Consistent",250
"18644","Native",29,37,"continuation","rp","continuation rp",7,0,262,262,"Ambiguous","Inconsistent",262
"18646","Native",29,25,"continuation","rp","continuation rp",7,0,312,312,"Ambiguous","Inconsistent",312
"18648","Native",29,45,"continuation","rp","continuation rp",7,0,258,258,"Ambiguous","Inconsistent",258
"18650","Native",29,29,"continuation","rp","continuation rp",7,0,238,238,"Ambiguous","Inconsistent",238
"18652","Native",29,31,"continuation","rp","continuation rp",5,0,180,180,"Ambiguous","Consistent",180
"18654","Native",29,36,"continuation","rp","continuation rp",6,0,190,190,"Unambiguous","Consistent",190
"18656","Native",29,38,"continuation","rp","continuation rp",8,0,192,192,"Unambiguous","Inconsistent",192
"18658","Native",29,46,"continuation","rp","continuation rp",8,0,248,248,"Unambiguous","Inconsistent",248
"18660","Native",29,39,"continuation","rp","continuation rp",5,0,196,196,"Ambiguous","Consistent",196
"18662","Native",29,35,"continuation","rp","continuation rp",5,0,222,222,"Ambiguous","Consistent",222
"18664","Native",29,41,"continuation","rp","continuation rp",7,0,234,234,"Ambiguous","Inconsistent",234
"18666","Native",29,48,"continuation","rp","continuation rp",6,0,218,218,"Unambiguous","Consistent",218
"18668","Native",29,27,"continuation","rp","continuation rp",5,0,268,268,"Ambiguous","Consistent",268
"18670","Native",29,42,"continuation","rp","continuation rp",8,0,178,178,"Unambiguous","Inconsistent",178
"18672","Native",29,47,"continuation","rp","continuation rp",5,0,286,286,"Ambiguous","Consistent",286
"18674","Native",30,25,"continuation","rp","continuation rp",8,0,160,160,"Unambiguous","Inconsistent",160
"18676","Native",30,40,"continuation","rp","continuation rp",7,0,390,390,"Ambiguous","Inconsistent",390
"18678","Native",30,48,"continuation","rp","continuation rp",7,0,186,186,"Ambiguous","Inconsistent",186
"18680","Native",30,28,"continuation","rp","continuation rp",7,0,190,190,"Ambiguous","Inconsistent",190
"18682","Native",30,30,"continuation","rp","continuation rp",5,1,0,NA,"Ambiguous","Consistent",NA
"18684","Native",30,41,"continuation","rp","continuation rp",8,0,1074,1074,"Unambiguous","Inconsistent",NA
"18686","Native",30,31,"continuation","rp","continuation rp",6,0,158,158,"Unambiguous","Consistent",158
"18688","Native",30,46,"continuation","rp","continuation rp",5,0,182,182,"Ambiguous","Consistent",182
"18690","Native",30,27,"continuation","rp","continuation rp",6,0,244,244,"Unambiguous","Consistent",244
"18692","Native",30,43,"continuation","rp","continuation rp",6,0,128,128,"Unambiguous","Consistent",128
"18694","Native",30,37,"continuation","rp","continuation rp",8,0,172,172,"Unambiguous","Inconsistent",172
"18696","Native",30,36,"continuation","rp","continuation rp",7,0,266,266,"Ambiguous","Inconsistent",266
"18698","Native",30,42,"continuation","rp","continuation rp",5,0,150,150,"Ambiguous","Consistent",150
"18700","Native",30,47,"continuation","rp","continuation rp",6,0,168,168,"Unambiguous","Consistent",168
"18702","Native",30,35,"continuation","rp","continuation rp",6,0,160,160,"Unambiguous","Consistent",160
"18704","Native",30,34,"continuation","rp","continuation rp",5,0,174,174,"Ambiguous","Consistent",174
"18706","Native",30,44,"continuation","rp","continuation rp",7,0,148,148,"Ambiguous","Inconsistent",148
"18708","Native",30,38,"continuation","rp","continuation rp",5,0,152,152,"Ambiguous","Consistent",152
"18710","Native",30,45,"continuation","rp","continuation rp",8,0,182,182,"Unambiguous","Inconsistent",182
"18712","Native",30,32,"continuation","rp","continuation rp",7,0,220,220,"Ambiguous","Inconsistent",220
"18714","Native",30,29,"continuation","rp","continuation rp",8,0,154,154,"Unambiguous","Inconsistent",154
"18716","Native",30,26,"continuation","rp","continuation rp",5,0,128,128,"Ambiguous","Consistent",128
"18718","Native",30,33,"continuation","rp","continuation rp",8,0,130,130,"Unambiguous","Inconsistent",130
"18720","Native",30,39,"continuation","rp","continuation rp",6,0,170,170,"Unambiguous","Consistent",170
"18721","Native",31,32,"continuation","rp","continuation rp",8,0,246,246,"Unambiguous","Inconsistent",246
"18723","Native",31,40,"continuation","rp","continuation rp",8,1,0,NA,"Unambiguous","Inconsistent",NA
"18725","Native",31,47,"continuation","rp","continuation rp",7,0,184,184,"Ambiguous","Inconsistent",184
"18727","Native",31,42,"continuation","rp","continuation rp",6,0,158,158,"Unambiguous","Consistent",158
"18729","Native",31,29,"continuation","rp","continuation rp",5,0,184,184,"Ambiguous","Consistent",184
"18731","Native",31,38,"continuation","rp","continuation rp",6,0,194,194,"Unambiguous","Consistent",194
"18733","Native",31,41,"continuation","rp","continuation rp",5,1,0,NA,"Ambiguous","Consistent",NA
"18735","Native",31,37,"continuation","rp","continuation rp",5,0,586,586,"Ambiguous","Consistent",586
"18737","Native",31,44,"continuation","rp","continuation rp",8,0,722,722,"Unambiguous","Inconsistent",722
"18739","Native",31,35,"continuation","rp","continuation rp",7,0,192,192,"Ambiguous","Inconsistent",192
"18741","Native",31,30,"continuation","rp","continuation rp",6,0,180,180,"Unambiguous","Consistent",180
"18743","Native",31,33,"continuation","rp","continuation rp",5,0,196,196,"Ambiguous","Consistent",196
"18745","Native",31,45,"continuation","rp","continuation rp",5,0,180,180,"Ambiguous","Consistent",180
"18747","Native",31,26,"continuation","rp","continuation rp",6,0,232,232,"Unambiguous","Consistent",232
"18749","Native",31,25,"continuation","rp","continuation rp",5,0,176,176,"Ambiguous","Consistent",176
"18751","Native",31,28,"continuation","rp","continuation rp",8,0,610,610,"Unambiguous","Inconsistent",610
"18753","Native",31,46,"continuation","rp","continuation rp",6,0,206,206,"Unambiguous","Consistent",206
"18755","Native",31,31,"continuation","rp","continuation rp",7,0,174,174,"Ambiguous","Inconsistent",174
"18757","Native",31,36,"continuation","rp","continuation rp",8,0,144,144,"Unambiguous","Inconsistent",144
"18759","Native",31,27,"continuation","rp","continuation rp",7,0,260,260,"Ambiguous","Inconsistent",260
"18761","Native",31,48,"continuation","rp","continuation rp",8,1,0,NA,"Unambiguous","Inconsistent",NA
"18763","Native",31,43,"continuation","rp","continuation rp",7,0,190,190,"Ambiguous","Inconsistent",190
"18765","Native",31,34,"continuation","rp","continuation rp",6,0,210,210,"Unambiguous","Consistent",210
"18767","Native",31,39,"continuation","rp","continuation rp",7,0,206,206,"Ambiguous","Inconsistent",206
"18770","Native",32,47,"continuation","rp","continuation rp",8,0,364,364,"Unambiguous","Inconsistent",364
"18772","Native",32,35,"continuation","rp","continuation rp",8,0,418,418,"Unambiguous","Inconsistent",418
"18774","Native",32,31,"continuation","rp","continuation rp",8,0,374,374,"Unambiguous","Inconsistent",374
"18776","Native",32,48,"continuation","rp","continuation rp",5,0,184,184,"Ambiguous","Consistent",184
"18778","Native",32,26,"continuation","rp","continuation rp",7,0,184,184,"Ambiguous","Inconsistent",184
"18780","Native",32,33,"continuation","rp","continuation rp",6,0,182,182,"Unambiguous","Consistent",182
"18782","Native",32,43,"continuation","rp","continuation rp",8,1,0,NA,"Unambiguous","Inconsistent",NA
"18784","Native",32,30,"continuation","rp","continuation rp",7,0,138,138,"Ambiguous","Inconsistent",138
"18786","Native",32,36,"continuation","rp","continuation rp",5,1,0,NA,"Ambiguous","Consistent",NA
"18788","Native",32,44,"continuation","rp","continuation rp",5,0,154,154,"Ambiguous","Consistent",154
"18790","Native",32,34,"continuation","rp","continuation rp",7,0,158,158,"Ambiguous","Inconsistent",158
"18792","Native",32,42,"continuation","rp","continuation rp",7,0,226,226,"Ambiguous","Inconsistent",226
"18794","Native",32,37,"continuation","rp","continuation rp",6,1,0,NA,"Unambiguous","Consistent",NA
"18796","Native",32,29,"continuation","rp","continuation rp",6,0,164,164,"Unambiguous","Consistent",164
"18798","Native",32,41,"continuation","rp","continuation rp",6,1,0,NA,"Unambiguous","Consistent",NA
"18800","Native",32,32,"continuation","rp","continuation rp",5,0,556,556,"Ambiguous","Consistent",556
"18802","Native",32,27,"continuation","rp","continuation rp",8,0,284,284,"Unambiguous","Inconsistent",284
"18804","Native",32,46,"continuation","rp","continuation rp",7,0,306,306,"Ambiguous","Inconsistent",306
"18806","Native",32,38,"continuation","rp","continuation rp",7,0,268,268,"Ambiguous","Inconsistent",268
"18808","Native",32,28,"continuation","rp","continuation rp",5,1,0,NA,"Ambiguous","Consistent",NA
"18810","Native",32,25,"continuation","rp","continuation rp",6,1,0,NA,"Unambiguous","Consistent",NA
"18812","Native",32,45,"continuation","rp","continuation rp",6,1,0,NA,"Unambiguous","Consistent",NA
"18814","Native",32,39,"continuation","rp","continuation rp",8,1,0,NA,"Unambiguous","Inconsistent",NA
"18816","Native",32,40,"continuation","rp","continuation rp",5,0,140,140,"Ambiguous","Consistent",140
"18818","Native",33,42,"continuation","rp","continuation rp",8,0,228,228,"Unambiguous","Inconsistent",228
"18820","Native",33,25,"continuation","rp","continuation rp",7,0,284,284,"Ambiguous","Inconsistent",284
"18822","Native",33,37,"continuation","rp","continuation rp",7,0,342,342,"Ambiguous","Inconsistent",342
"18824","Native",33,41,"continuation","rp","continuation rp",7,0,290,290,"Ambiguous","Inconsistent",290
"18826","Native",33,40,"continuation","rp","continuation rp",6,0,272,272,"Unambiguous","Consistent",272
"18828","Native",33,31,"continuation","rp","continuation rp",5,0,312,312,"Ambiguous","Consistent",312
"18830","Native",33,30,"continuation","rp","continuation rp",8,0,284,284,"Unambiguous","Inconsistent",284
"18832","Native",33,35,"continuation","rp","continuation rp",5,0,244,244,"Ambiguous","Consistent",244
"18834","Native",33,27,"continuation","rp","continuation rp",5,0,358,358,"Ambiguous","Consistent",358
"18836","Native",33,39,"continuation","rp","continuation rp",5,0,306,306,"Ambiguous","Consistent",306
"18838","Native",33,47,"continuation","rp","continuation rp",5,0,252,252,"Ambiguous","Consistent",252
"18840","Native",33,43,"continuation","rp","continuation rp",5,0,246,246,"Ambiguous","Consistent",246
"18842","Native",33,28,"continuation","rp","continuation rp",6,0,192,192,"Unambiguous","Consistent",192
"18844","Native",33,46,"continuation","rp","continuation rp",8,0,184,184,"Unambiguous","Inconsistent",184
"18846","Native",33,38,"continuation","rp","continuation rp",8,0,258,258,"Unambiguous","Inconsistent",258
"18848","Native",33,44,"continuation","rp","continuation rp",6,0,254,254,"Unambiguous","Consistent",254
"18850","Native",33,33,"continuation","rp","continuation rp",7,0,212,212,"Ambiguous","Inconsistent",212
"18852","Native",33,48,"continuation","rp","continuation rp",6,0,322,322,"Unambiguous","Consistent",322
"18854","Native",33,34,"continuation","rp","continuation rp",8,0,272,272,"Unambiguous","Inconsistent",272
"18856","Native",33,36,"continuation","rp","continuation rp",6,0,188,188,"Unambiguous","Consistent",188
"18858","Native",33,45,"continuation","rp","continuation rp",7,0,304,304,"Ambiguous","Inconsistent",304
"18860","Native",33,32,"continuation","rp","continuation rp",6,0,230,230,"Unambiguous","Consistent",230
"18862","Native",33,26,"continuation","rp","continuation rp",8,0,286,286,"Unambiguous","Inconsistent",286
"18864","Native",33,29,"continuation","rp","continuation rp",7,0,398,398,"Ambiguous","Inconsistent",398
"18865","Native",34,40,"continuation","rp","continuation rp",7,0,226,226,"Ambiguous","Inconsistent",226
"18867","Native",34,29,"continuation","rp","continuation rp",8,0,236,236,"Unambiguous","Inconsistent",236
"18869","Native",34,45,"continuation","rp","continuation rp",8,0,437,437,"Unambiguous","Inconsistent",437
"18871","Native",34,32,"continuation","rp","continuation rp",7,0,264,264,"Ambiguous","Inconsistent",264
"18873","Native",34,28,"continuation","rp","continuation rp",7,0,308,308,"Ambiguous","Inconsistent",308
"18875","Native",34,44,"continuation","rp","continuation rp",7,0,211,211,"Ambiguous","Inconsistent",211
"18877","Native",34,39,"continuation","rp","continuation rp",6,0,402,402,"Unambiguous","Consistent",402
"18879","Native",34,43,"continuation","rp","continuation rp",6,0,6776,6776,"Unambiguous","Consistent",NA
"18881","Native",34,25,"continuation","rp","continuation rp",8,0,183,183,"Unambiguous","Inconsistent",183
"18883","Native",34,31,"continuation","rp","continuation rp",6,0,292,292,"Unambiguous","Consistent",292
"18885","Native",34,26,"continuation","rp","continuation rp",5,0,308,308,"Ambiguous","Consistent",308
"18887","Native",34,30,"continuation","rp","continuation rp",5,0,263,263,"Ambiguous","Consistent",263
"18889","Native",34,48,"continuation","rp","continuation rp",7,0,431,431,"Ambiguous","Inconsistent",431
"18891","Native",34,41,"continuation","rp","continuation rp",8,0,176,176,"Unambiguous","Inconsistent",176
"18893","Native",34,27,"continuation","rp","continuation rp",6,0,274,274,"Unambiguous","Consistent",274
"18895","Native",34,34,"continuation","rp","continuation rp",5,0,229,229,"Ambiguous","Consistent",229
"18897","Native",34,35,"continuation","rp","continuation rp",6,0,272,272,"Unambiguous","Consistent",272
"18899","Native",34,37,"continuation","rp","continuation rp",8,0,189,189,"Unambiguous","Inconsistent",189
"18901","Native",34,46,"continuation","rp","continuation rp",5,1,0,NA,"Ambiguous","Consistent",NA
"18903","Native",34,36,"continuation","rp","continuation rp",7,0,410,410,"Ambiguous","Inconsistent",410
"18905","Native",34,33,"continuation","rp","continuation rp",8,0,188,188,"Unambiguous","Inconsistent",188
"18907","Native",34,42,"continuation","rp","continuation rp",5,0,243,243,"Ambiguous","Consistent",243
"18909","Native",34,38,"continuation","rp","continuation rp",5,0,514,514,"Ambiguous","Consistent",514
"18911","Native",34,47,"continuation","rp","continuation rp",6,0,197,197,"Unambiguous","Consistent",197
"18914","Native",35,38,"continuation","rp","continuation rp",5,0,484,484,"Ambiguous","Consistent",484
"18916","Native",35,48,"continuation","rp","continuation rp",7,0,560,560,"Ambiguous","Inconsistent",560
"18918","Native",35,47,"continuation","rp","continuation rp",6,0,366,366,"Unambiguous","Consistent",366
"18920","Native",35,32,"continuation","rp","continuation rp",7,0,212,212,"Ambiguous","Inconsistent",212
"18922","Native",35,42,"continuation","rp","continuation rp",5,0,288,288,"Ambiguous","Consistent",288
"18924","Native",35,31,"continuation","rp","continuation rp",6,0,232,232,"Unambiguous","Consistent",232
"18926","Native",35,40,"continuation","rp","continuation rp",7,0,286,286,"Ambiguous","Inconsistent",286
"18928","Native",35,33,"continuation","rp","continuation rp",8,0,174,174,"Unambiguous","Inconsistent",174
"18930","Native",35,29,"continuation","rp","continuation rp",8,0,192,192,"Unambiguous","Inconsistent",192
"18932","Native",35,41,"continuation","rp","continuation rp",8,0,608,608,"Unambiguous","Inconsistent",608
"18934","Native",35,46,"continuation","rp","continuation rp",5,0,180,180,"Ambiguous","Consistent",180
"18936","Native",35,45,"continuation","rp","continuation rp",8,0,244,244,"Unambiguous","Inconsistent",244
"18938","Native",35,39,"continuation","rp","continuation rp",6,0,194,194,"Unambiguous","Consistent",194
"18940","Native",35,28,"continuation","rp","continuation rp",7,0,204,204,"Ambiguous","Inconsistent",204
"18942","Native",35,44,"continuation","rp","continuation rp",7,1,0,NA,"Ambiguous","Inconsistent",NA
"18944","Native",35,37,"continuation","rp","continuation rp",8,0,150,150,"Unambiguous","Inconsistent",150
"18946","Native",35,25,"continuation","rp","continuation rp",8,0,264,264,"Unambiguous","Inconsistent",264
"18948","Native",35,27,"continuation","rp","continuation rp",6,0,230,230,"Unambiguous","Consistent",230
"18950","Native",35,36,"continuation","rp","continuation rp",7,0,216,216,"Ambiguous","Inconsistent",216
"18952","Native",35,34,"continuation","rp","continuation rp",5,0,254,254,"Ambiguous","Consistent",254
"18954","Native",35,43,"continuation","rp","continuation rp",6,0,236,236,"Unambiguous","Consistent",236
"18956","Native",35,26,"continuation","rp","continuation rp",5,0,162,162,"Ambiguous","Consistent",162
"18958","Native",35,30,"continuation","rp","continuation rp",5,0,206,206,"Ambiguous","Consistent",206
"18960","Native",35,35,"continuation","rp","continuation rp",6,0,268,268,"Unambiguous","Consistent",268
"18962","Native",36,40,"continuation","rp","continuation rp",8,0,174,174,"Unambiguous","Inconsistent",174
"18964","Native",36,42,"continuation","rp","continuation rp",6,0,235,235,"Unambiguous","Consistent",235
"18966","Native",36,41,"continuation","rp","continuation rp",5,0,242,242,"Ambiguous","Consistent",242
"18968","Native",36,25,"continuation","rp","continuation rp",5,0,294,294,"Ambiguous","Consistent",294
"18970","Native",36,37,"continuation","rp","continuation rp",5,0,448,448,"Ambiguous","Consistent",448
"18972","Native",36,44,"continuation","rp","continuation rp",8,0,418,418,"Unambiguous","Inconsistent",418
"18974","Native",36,29,"continuation","rp","continuation rp",5,0,353,353,"Ambiguous","Consistent",353
"18976","Native",36,38,"continuation","rp","continuation rp",6,0,404,404,"Unambiguous","Consistent",404
"18978","Native",36,31,"continuation","rp","continuation rp",7,0,260,260,"Ambiguous","Inconsistent",260
"18980","Native",36,30,"continuation","rp","continuation rp",6,0,281,281,"Unambiguous","Consistent",281
"18982","Native",36,35,"continuation","rp","continuation rp",7,0,321,321,"Ambiguous","Inconsistent",321
"18984","Native",36,47,"continuation","rp","continuation rp",7,0,193,193,"Ambiguous","Inconsistent",193
"18986","Native",36,32,"continuation","rp","continuation rp",8,0,448,448,"Unambiguous","Inconsistent",448
"18988","Native",36,34,"continuation","rp","continuation rp",6,0,328,328,"Unambiguous","Consistent",328
"18990","Native",36,36,"continuation","rp","continuation rp",8,0,457,457,"Unambiguous","Inconsistent",457
"18992","Native",36,46,"continuation","rp","continuation rp",6,1,0,NA,"Unambiguous","Consistent",NA
"18994","Native",36,39,"continuation","rp","continuation rp",7,0,351,351,"Ambiguous","Inconsistent",351
"18996","Native",36,27,"continuation","rp","continuation rp",7,0,229,229,"Ambiguous","Inconsistent",229
"18998","Native",36,33,"continuation","rp","continuation rp",5,0,343,343,"Ambiguous","Consistent",343
"19000","Native",36,28,"continuation","rp","continuation rp",8,0,359,359,"Unambiguous","Inconsistent",359
"19002","Native",36,26,"continuation","rp","continuation rp",6,0,304,304,"Unambiguous","Consistent",304
"19004","Native",36,43,"continuation","rp","continuation rp",7,0,450,450,"Ambiguous","Inconsistent",450
"19006","Native",36,45,"continuation","rp","continuation rp",5,0,221,221,"Ambiguous","Consistent",221
"19008","Native",36,48,"continuation","rp","continuation rp",8,0,266,266,"Unambiguous","Inconsistent",266
"19010","Native",37,26,"continuation","rp","continuation rp",7,0,364,364,"Ambiguous","Inconsistent",364
"19012","Native",37,45,"continuation","rp","continuation rp",6,0,234,234,"Unambiguous","Consistent",234
"19014","Native",37,46,"continuation","rp","continuation rp",7,0,208,208,"Ambiguous","Inconsistent",208
"19016","Native",37,43,"continuation","rp","continuation rp",8,0,183,183,"Unambiguous","Inconsistent",183
"19018","Native",37,31,"continuation","rp","continuation rp",8,0,179,179,"Unambiguous","Inconsistent",179
"19020","Native",37,29,"continuation","rp","continuation rp",6,0,170,170,"Unambiguous","Consistent",170
"19022","Native",37,44,"continuation","rp","continuation rp",5,0,145,145,"Ambiguous","Consistent",145
"19024","Native",37,39,"continuation","rp","continuation rp",8,0,203,203,"Unambiguous","Inconsistent",203
"19026","Native",37,36,"continuation","rp","continuation rp",5,0,171,171,"Ambiguous","Consistent",171
"19028","Native",37,38,"continuation","rp","continuation rp",7,0,181,181,"Ambiguous","Inconsistent",181
"19030","Native",37,42,"continuation","rp","continuation rp",7,0,193,193,"Ambiguous","Inconsistent",193
"19032","Native",37,34,"continuation","rp","continuation rp",7,0,180,180,"Ambiguous","Inconsistent",180
"19034","Native",37,28,"continuation","rp","continuation rp",5,0,199,199,"Ambiguous","Consistent",199
"19036","Native",37,37,"continuation","rp","continuation rp",6,0,255,255,"Unambiguous","Consistent",255
"19038","Native",37,48,"continuation","rp","continuation rp",5,0,205,205,"Ambiguous","Consistent",205
"19040","Native",37,47,"continuation","rp","continuation rp",8,0,200,200,"Unambiguous","Inconsistent",200
"19042","Native",37,40,"continuation","rp","continuation rp",5,0,223,223,"Ambiguous","Consistent",223
"19044","Native",37,30,"continuation","rp","continuation rp",7,0,163,163,"Ambiguous","Inconsistent",163
"19046","Native",37,32,"continuation","rp","continuation rp",5,0,161,161,"Ambiguous","Consistent",161
"19048","Native",37,35,"continuation","rp","continuation rp",8,0,363,363,"Unambiguous","Inconsistent",363
"19050","Native",37,27,"continuation","rp","continuation rp",8,0,602,602,"Unambiguous","Inconsistent",NA
"19052","Native",37,25,"continuation","rp","continuation rp",6,0,178,178,"Unambiguous","Consistent",178
"19054","Native",37,41,"continuation","rp","continuation rp",6,0,179,179,"Unambiguous","Consistent",179
"19056","Native",37,33,"continuation","rp","continuation rp",6,0,196,196,"Unambiguous","Consistent",196
"19057","Native",38,39,"continuation","rp","continuation rp",5,1,0,NA,"Ambiguous","Consistent",NA
"19059","Native",38,46,"continuation","rp","continuation rp",8,1,0,NA,"Unambiguous","Inconsistent",NA
"19061","Native",38,25,"continuation","rp","continuation rp",7,0,237,237,"Ambiguous","Inconsistent",237
"19063","Native",38,27,"continuation","rp","continuation rp",5,0,151,151,"Ambiguous","Consistent",151
"19065","Native",38,32,"continuation","rp","continuation rp",6,0,171,171,"Unambiguous","Consistent",171
"19067","Native",38,43,"continuation","rp","continuation rp",5,0,256,256,"Ambiguous","Consistent",256
"19069","Native",38,44,"continuation","rp","continuation rp",6,0,295,295,"Unambiguous","Consistent",295
"19071","Native",38,37,"continuation","rp","continuation rp",7,1,0,NA,"Ambiguous","Inconsistent",NA
"19073","Native",38,40,"continuation","rp","continuation rp",6,1,0,NA,"Unambiguous","Consistent",NA
"19075","Native",38,38,"continuation","rp","continuation rp",8,0,258,258,"Unambiguous","Inconsistent",258
"19077","Native",38,48,"continuation","rp","continuation rp",6,1,0,NA,"Unambiguous","Consistent",NA
"19079","Native",38,35,"continuation","rp","continuation rp",5,1,0,NA,"Ambiguous","Consistent",NA
"19081","Native",38,36,"continuation","rp","continuation rp",6,0,160,160,"Unambiguous","Consistent",160
"19083","Native",38,28,"continuation","rp","continuation rp",6,0,229,229,"Unambiguous","Consistent",229
"19085","Native",38,30,"continuation","rp","continuation rp",8,1,0,NA,"Unambiguous","Inconsistent",NA
"19087","Native",38,45,"continuation","rp","continuation rp",7,0,229,229,"Ambiguous","Inconsistent",229
"19089","Native",38,33,"continuation","rp","continuation rp",7,0,204,204,"Ambiguous","Inconsistent",204
"19091","Native",38,47,"continuation","rp","continuation rp",5,1,0,NA,"Ambiguous","Consistent",NA
"19093","Native",38,31,"continuation","rp","continuation rp",5,1,0,NA,"Ambiguous","Consistent",NA
"19095","Native",38,26,"continuation","rp","continuation rp",8,1,0,NA,"Unambiguous","Inconsistent",NA
"19097","Native",38,41,"continuation","rp","continuation rp",7,1,0,NA,"Ambiguous","Inconsistent",NA
"19099","Native",38,29,"continuation","rp","continuation rp",7,0,258,258,"Ambiguous","Inconsistent",258
"19101","Native",38,34,"continuation","rp","continuation rp",8,0,175,175,"Unambiguous","Inconsistent",175
"19103","Native",38,42,"continuation","rp","continuation rp",8,0,410,410,"Unambiguous","Inconsistent",410
"19105","Native",39,27,"continuation","rp","continuation rp",6,0,499,499,"Unambiguous","Consistent",499
"19107","Native",39,37,"continuation","rp","continuation rp",8,0,819,819,"Unambiguous","Inconsistent",819
"19109","Native",39,45,"continuation","rp","continuation rp",8,0,237,237,"Unambiguous","Inconsistent",237
"19111","Native",39,34,"continuation","rp","continuation rp",5,0,383,383,"Ambiguous","Consistent",383
"19113","Native",39,31,"continuation","rp","continuation rp",6,0,185,185,"Unambiguous","Consistent",185
"19115","Native",39,39,"continuation","rp","continuation rp",6,0,329,329,"Unambiguous","Consistent",329
"19117","Native",39,46,"continuation","rp","continuation rp",5,0,392,392,"Ambiguous","Consistent",392
"19119","Native",39,40,"continuation","rp","continuation rp",7,0,181,181,"Ambiguous","Inconsistent",181
"19121","Native",39,43,"continuation","rp","continuation rp",6,0,236,236,"Unambiguous","Consistent",236
"19123","Native",39,47,"continuation","rp","continuation rp",6,0,176,176,"Unambiguous","Consistent",176
"19125","Native",39,44,"continuation","rp","continuation rp",7,0,534,534,"Ambiguous","Inconsistent",534
"19127","Native",39,33,"continuation","rp","continuation rp",8,0,770,770,"Unambiguous","Inconsistent",770
"19129","Native",39,36,"continuation","rp","continuation rp",7,0,394,394,"Ambiguous","Inconsistent",394
"19131","Native",39,41,"continuation","rp","continuation rp",8,0,511,511,"Unambiguous","Inconsistent",511
"19133","Native",39,25,"continuation","rp","continuation rp",8,0,270,270,"Unambiguous","Inconsistent",270
"19135","Native",39,38,"continuation","rp","continuation rp",5,0,928,928,"Ambiguous","Consistent",928
"19137","Native",39,29,"continuation","rp","continuation rp",8,0,702,702,"Unambiguous","Inconsistent",702
"19139","Native",39,48,"continuation","rp","continuation rp",7,0,548,548,"Ambiguous","Inconsistent",548
"19141","Native",39,30,"continuation","rp","continuation rp",5,0,459,459,"Ambiguous","Consistent",459
"19143","Native",39,42,"continuation","rp","continuation rp",5,0,320,320,"Ambiguous","Consistent",320
"19145","Native",39,32,"continuation","rp","continuation rp",7,0,188,188,"Ambiguous","Inconsistent",188
"19147","Native",39,28,"continuation","rp","continuation rp",7,0,445,445,"Ambiguous","Inconsistent",445
"19149","Native",39,26,"continuation","rp","continuation rp",5,0,436,436,"Ambiguous","Consistent",436
"19151","Native",39,35,"continuation","rp","continuation rp",6,0,346,346,"Unambiguous","Consistent",346
"19154","Native",40,30,"continuation","rp","continuation rp",6,0,154,154,"Unambiguous","Consistent",154
"19156","Native",40,48,"continuation","rp","continuation rp",8,0,299,299,"Unambiguous","Inconsistent",NA
"19158","Native",40,32,"continuation","rp","continuation rp",8,0,154,154,"Unambiguous","Inconsistent",154
"19160","Native",40,40,"continuation","rp","continuation rp",8,0,149,149,"Unambiguous","Inconsistent",149
"19162","Native",40,36,"continuation","rp","continuation rp",8,0,171,171,"Unambiguous","Inconsistent",171
"19164","Native",40,31,"continuation","rp","continuation rp",7,0,148,148,"Ambiguous","Inconsistent",148
"19166","Native",40,38,"continuation","rp","continuation rp",6,1,0,NA,"Unambiguous","Consistent",NA
"19168","Native",40,27,"continuation","rp","continuation rp",7,0,108,108,"Ambiguous","Inconsistent",108
"19170","Native",40,43,"continuation","rp","continuation rp",7,0,164,164,"Ambiguous","Inconsistent",164
"19172","Native",40,47,"continuation","rp","continuation rp",7,1,0,NA,"Ambiguous","Inconsistent",NA
"19174","Native",40,28,"continuation","rp","continuation rp",8,1,0,NA,"Unambiguous","Inconsistent",NA
"19176","Native",40,42,"continuation","rp","continuation rp",6,0,185,185,"Unambiguous","Consistent",185
"19178","Native",40,39,"continuation","rp","continuation rp",7,0,172,172,"Ambiguous","Inconsistent",172
"19180","Native",40,45,"continuation","rp","continuation rp",5,0,185,185,"Ambiguous","Consistent",185
"19182","Native",40,26,"continuation","rp","continuation rp",6,0,123,123,"Unambiguous","Consistent",123
"19184","Native",40,37,"continuation","rp","continuation rp",5,0,186,186,"Ambiguous","Consistent",186
"19186","Native",40,34,"continuation","rp","continuation rp",6,0,164,164,"Unambiguous","Consistent",164
"19188","Native",40,25,"continuation","rp","continuation rp",5,0,140,140,"Ambiguous","Consistent",140
"19190","Native",40,29,"continuation","rp","continuation rp",5,0,154,154,"Ambiguous","Consistent",154
"19192","Native",40,33,"continuation","rp","continuation rp",5,0,148,148,"Ambiguous","Consistent",148
"19194","Native",40,44,"continuation","rp","continuation rp",8,1,0,NA,"Unambiguous","Inconsistent",NA
"19196","Native",40,46,"continuation","rp","continuation rp",6,0,173,173,"Unambiguous","Consistent",173
"19198","Native",40,41,"continuation","rp","continuation rp",5,0,155,155,"Ambiguous","Consistent",155
"19200","Native",40,35,"continuation","rp","continuation rp",7,0,176,176,"Ambiguous","Inconsistent",176
