"","group","subject","item","region","measure","sort","condition","skips","rawdata","nozero","ambiguity","gender","trimmed_nozero"
"2","Native",1,24,"disamb","fp","disamb fp",4,0,188,188,"Unambiguous","Mismatch",188
"4","Native",1,12,"disamb","fp","disamb fp",4,0,192,192,"Unambiguous","Mismatch",192
"6","Native",1,6,"disamb","fp","disamb fp",2,0,344,344,"Ambiguous","Mismatch",344
"8","Native",1,7,"disamb","fp","disamb fp",3,0,186,186,"Unambiguous","Match",186
"10","Native",1,14,"disamb","fp","disamb fp",2,0,303,303,"Ambiguous","Mismatch",303
"12","Native",1,21,"disamb","fp","disamb fp",1,0,191,191,"Ambiguous","Match",191
"14","Native",1,19,"disamb","fp","disamb fp",3,1,0,NA,"Unambiguous","Match",NA
"16","Native",1,17,"disamb","fp","disamb fp",1,1,0,NA,"Ambiguous","Match",NA
"18","Native",1,10,"disamb","fp","disamb fp",2,0,513,513,"Ambiguous","Mismatch",513
"20","Native",1,23,"disamb","fp","disamb fp",3,0,449,449,"Unambiguous","Match",449
"22","Native",1,15,"disamb","fp","disamb fp",3,0,348,348,"Unambiguous","Match",348
"24","Native",1,1,"disamb","fp","disamb fp",1,0,201,201,"Ambiguous","Match",201
"26","Native",1,2,"disamb","fp","disamb fp",2,0,276,276,"Ambiguous","Mismatch",276
"28","Native",1,5,"disamb","fp","disamb fp",1,0,347,347,"Ambiguous","Match",347
"30","Native",1,16,"disamb","fp","disamb fp",4,0,264,264,"Unambiguous","Mismatch",264
"32","Native",1,3,"disamb","fp","disamb fp",3,0,203,203,"Unambiguous","Match",203
"34","Native",1,13,"disamb","fp","disamb fp",1,1,0,NA,"Ambiguous","Match",NA
"36","Native",1,11,"disamb","fp","disamb fp",3,0,451,451,"Unambiguous","Match",451
"38","Native",1,9,"disamb","fp","disamb fp",1,0,335,335,"Ambiguous","Match",335
"40","Native",1,8,"disamb","fp","disamb fp",4,0,289,289,"Unambiguous","Mismatch",289
"42","Native",1,4,"disamb","fp","disamb fp",4,0,253,253,"Unambiguous","Mismatch",253
"44","Native",1,20,"disamb","fp","disamb fp",4,0,381,381,"Unambiguous","Mismatch",381
"46","Native",1,18,"disamb","fp","disamb fp",2,0,234,234,"Ambiguous","Mismatch",234
"48","Native",1,22,"disamb","fp","disamb fp",2,0,170,170,"Ambiguous","Mismatch",170
"50","Native",2,14,"disamb","fp","disamb fp",3,0,199,199,"Unambiguous","Match",199
"52","Native",2,4,"disamb","fp","disamb fp",1,0,323,323,"Ambiguous","Match",323
"54","Native",2,19,"disamb","fp","disamb fp",4,0,250,250,"Unambiguous","Mismatch",250
"56","Native",2,1,"disamb","fp","disamb fp",2,0,194,194,"Ambiguous","Mismatch",194
"58","Native",2,5,"disamb","fp","disamb fp",2,1,0,NA,"Ambiguous","Mismatch",NA
"60","Native",2,15,"disamb","fp","disamb fp",4,0,178,178,"Unambiguous","Mismatch",178
"62","Native",2,7,"disamb","fp","disamb fp",4,0,177,177,"Unambiguous","Mismatch",177
"64","Native",2,18,"disamb","fp","disamb fp",3,0,210,210,"Unambiguous","Match",210
"66","Native",2,6,"disamb","fp","disamb fp",3,0,369,369,"Unambiguous","Match",369
"68","Native",2,22,"disamb","fp","disamb fp",3,0,302,302,"Unambiguous","Match",302
"70","Native",2,10,"disamb","fp","disamb fp",3,0,552,552,"Unambiguous","Match",552
"72","Native",2,8,"disamb","fp","disamb fp",1,0,307,307,"Ambiguous","Match",307
"74","Native",2,24,"disamb","fp","disamb fp",1,0,448,448,"Ambiguous","Match",448
"76","Native",2,17,"disamb","fp","disamb fp",2,1,0,NA,"Ambiguous","Mismatch",NA
"78","Native",2,2,"disamb","fp","disamb fp",3,1,0,NA,"Unambiguous","Match",NA
"80","Native",2,11,"disamb","fp","disamb fp",4,1,0,NA,"Unambiguous","Mismatch",NA
"82","Native",2,3,"disamb","fp","disamb fp",4,1,0,NA,"Unambiguous","Mismatch",NA
"84","Native",2,21,"disamb","fp","disamb fp",2,1,0,NA,"Ambiguous","Mismatch",NA
"86","Native",2,20,"disamb","fp","disamb fp",1,0,244,244,"Ambiguous","Match",244
"88","Native",2,16,"disamb","fp","disamb fp",1,0,142,142,"Ambiguous","Match",142
"90","Native",2,13,"disamb","fp","disamb fp",2,0,321,321,"Ambiguous","Mismatch",321
"92","Native",2,9,"disamb","fp","disamb fp",2,0,253,253,"Ambiguous","Mismatch",253
"94","Native",2,12,"disamb","fp","disamb fp",1,0,269,269,"Ambiguous","Match",269
"96","Native",2,23,"disamb","fp","disamb fp",4,0,391,391,"Unambiguous","Mismatch",391
"97","Native",3,11,"disamb","fp","disamb fp",1,0,177,177,"Ambiguous","Match",177
"99","Native",3,21,"disamb","fp","disamb fp",3,0,145,145,"Unambiguous","Match",145
"101","Native",3,2,"disamb","fp","disamb fp",4,0,269,269,"Unambiguous","Mismatch",269
"103","Native",3,20,"disamb","fp","disamb fp",2,0,338,338,"Ambiguous","Mismatch",338
"105","Native",3,9,"disamb","fp","disamb fp",3,0,347,347,"Unambiguous","Match",347
"107","Native",3,4,"disamb","fp","disamb fp",2,0,135,135,"Ambiguous","Mismatch",135
"109","Native",3,3,"disamb","fp","disamb fp",1,0,674,674,"Ambiguous","Match",674
"111","Native",3,1,"disamb","fp","disamb fp",3,0,477,477,"Unambiguous","Match",477
"113","Native",3,13,"disamb","fp","disamb fp",3,0,458,458,"Unambiguous","Match",458
"115","Native",3,18,"disamb","fp","disamb fp",4,0,305,305,"Unambiguous","Mismatch",305
"117","Native",3,7,"disamb","fp","disamb fp",1,0,210,210,"Ambiguous","Match",210
"119","Native",3,5,"disamb","fp","disamb fp",3,0,400,400,"Unambiguous","Match",400
"121","Native",3,15,"disamb","fp","disamb fp",1,0,267,267,"Ambiguous","Match",267
"123","Native",3,16,"disamb","fp","disamb fp",2,0,149,149,"Ambiguous","Mismatch",149
"125","Native",3,8,"disamb","fp","disamb fp",2,0,222,222,"Ambiguous","Mismatch",222
"127","Native",3,22,"disamb","fp","disamb fp",4,0,320,320,"Unambiguous","Mismatch",320
"129","Native",3,17,"disamb","fp","disamb fp",3,0,409,409,"Unambiguous","Match",409
"131","Native",3,19,"disamb","fp","disamb fp",1,0,862,862,"Ambiguous","Match",862
"133","Native",3,23,"disamb","fp","disamb fp",1,0,675,675,"Ambiguous","Match",675
"135","Native",3,14,"disamb","fp","disamb fp",4,0,393,393,"Unambiguous","Mismatch",393
"137","Native",3,24,"disamb","fp","disamb fp",2,0,182,182,"Ambiguous","Mismatch",182
"139","Native",3,10,"disamb","fp","disamb fp",4,0,653,653,"Unambiguous","Mismatch",653
"141","Native",3,12,"disamb","fp","disamb fp",2,0,322,322,"Ambiguous","Mismatch",322
"143","Native",3,6,"disamb","fp","disamb fp",4,0,526,526,"Unambiguous","Mismatch",526
"145","Native",4,21,"disamb","fp","disamb fp",4,0,157,157,"Unambiguous","Mismatch",157
"147","Native",4,14,"disamb","fp","disamb fp",1,0,334,334,"Ambiguous","Match",334
"149","Native",4,22,"disamb","fp","disamb fp",1,0,197,197,"Ambiguous","Match",197
"151","Native",4,11,"disamb","fp","disamb fp",2,0,171,171,"Ambiguous","Mismatch",171
"153","Native",4,15,"disamb","fp","disamb fp",2,0,290,290,"Ambiguous","Mismatch",290
"155","Native",4,23,"disamb","fp","disamb fp",2,0,172,172,"Ambiguous","Mismatch",172
"157","Native",4,18,"disamb","fp","disamb fp",1,0,169,169,"Ambiguous","Match",169
"159","Native",4,6,"disamb","fp","disamb fp",1,0,166,166,"Ambiguous","Match",166
"161","Native",4,10,"disamb","fp","disamb fp",1,0,155,155,"Ambiguous","Match",155
"163","Native",4,12,"disamb","fp","disamb fp",3,0,148,148,"Unambiguous","Match",148
"165","Native",4,19,"disamb","fp","disamb fp",2,0,314,314,"Ambiguous","Mismatch",314
"167","Native",4,1,"disamb","fp","disamb fp",4,0,140,140,"Unambiguous","Mismatch",140
"169","Native",4,20,"disamb","fp","disamb fp",3,0,234,234,"Unambiguous","Match",234
"171","Native",4,16,"disamb","fp","disamb fp",3,0,160,160,"Unambiguous","Match",160
"173","Native",4,2,"disamb","fp","disamb fp",1,0,236,236,"Ambiguous","Match",236
"175","Native",4,5,"disamb","fp","disamb fp",4,0,155,155,"Unambiguous","Mismatch",155
"177","Native",4,17,"disamb","fp","disamb fp",4,0,230,230,"Unambiguous","Mismatch",230
"179","Native",4,24,"disamb","fp","disamb fp",3,1,0,NA,"Unambiguous","Match",NA
"181","Native",4,13,"disamb","fp","disamb fp",4,0,422,422,"Unambiguous","Mismatch",422
"183","Native",4,8,"disamb","fp","disamb fp",3,0,214,214,"Unambiguous","Match",214
"185","Native",4,9,"disamb","fp","disamb fp",4,0,440,440,"Unambiguous","Mismatch",440
"187","Native",4,7,"disamb","fp","disamb fp",2,0,208,208,"Ambiguous","Mismatch",208
"189","Native",4,4,"disamb","fp","disamb fp",3,0,346,346,"Unambiguous","Match",346
"191","Native",4,3,"disamb","fp","disamb fp",2,0,439,439,"Ambiguous","Mismatch",439
"194","Native",5,8,"disamb","fp","disamb fp",4,1,0,NA,"Unambiguous","Mismatch",NA
"196","Native",5,4,"disamb","fp","disamb fp",4,0,376,376,"Unambiguous","Mismatch",376
"198","Native",5,19,"disamb","fp","disamb fp",3,0,169,169,"Unambiguous","Match",169
"200","Native",5,21,"disamb","fp","disamb fp",1,0,361,361,"Ambiguous","Match",361
"202","Native",5,13,"disamb","fp","disamb fp",1,0,186,186,"Ambiguous","Match",186
"204","Native",5,9,"disamb","fp","disamb fp",1,0,219,219,"Ambiguous","Match",219
"206","Native",5,3,"disamb","fp","disamb fp",3,0,189,189,"Unambiguous","Match",189
"208","Native",5,12,"disamb","fp","disamb fp",4,0,201,201,"Unambiguous","Mismatch",201
"210","Native",5,2,"disamb","fp","disamb fp",2,0,266,266,"Ambiguous","Mismatch",266
"212","Native",5,15,"disamb","fp","disamb fp",3,1,0,NA,"Unambiguous","Match",NA
"214","Native",5,5,"disamb","fp","disamb fp",1,0,256,256,"Ambiguous","Match",256
"216","Native",5,7,"disamb","fp","disamb fp",3,0,185,185,"Unambiguous","Match",185
"218","Native",5,22,"disamb","fp","disamb fp",2,0,271,271,"Ambiguous","Mismatch",271
"220","Native",5,17,"disamb","fp","disamb fp",1,1,0,NA,"Ambiguous","Match",NA
"222","Native",5,16,"disamb","fp","disamb fp",4,0,228,228,"Unambiguous","Mismatch",228
"224","Native",5,1,"disamb","fp","disamb fp",1,0,299,299,"Ambiguous","Match",299
"226","Native",5,14,"disamb","fp","disamb fp",2,0,201,201,"Ambiguous","Mismatch",201
"228","Native",5,24,"disamb","fp","disamb fp",4,1,0,NA,"Unambiguous","Mismatch",NA
"230","Native",5,23,"disamb","fp","disamb fp",3,0,537,537,"Unambiguous","Match",537
"232","Native",5,18,"disamb","fp","disamb fp",2,0,198,198,"Ambiguous","Mismatch",198
"234","Native",5,11,"disamb","fp","disamb fp",3,0,410,410,"Unambiguous","Match",410
"236","Native",5,20,"disamb","fp","disamb fp",4,0,229,229,"Unambiguous","Mismatch",229
"238","Native",5,10,"disamb","fp","disamb fp",2,1,0,NA,"Ambiguous","Mismatch",NA
"240","Native",5,6,"disamb","fp","disamb fp",2,0,196,196,"Ambiguous","Mismatch",196
"241","Native",6,12,"disamb","fp","disamb fp",1,0,213,213,"Ambiguous","Match",213
"243","Native",6,14,"disamb","fp","disamb fp",3,0,132,132,"Unambiguous","Match",132
"245","Native",6,5,"disamb","fp","disamb fp",2,0,158,158,"Ambiguous","Mismatch",158
"247","Native",6,22,"disamb","fp","disamb fp",3,0,187,187,"Unambiguous","Match",187
"249","Native",6,15,"disamb","fp","disamb fp",4,0,124,124,"Unambiguous","Mismatch",124
"251","Native",6,17,"disamb","fp","disamb fp",2,0,210,210,"Ambiguous","Mismatch",210
"253","Native",6,3,"disamb","fp","disamb fp",4,0,120,120,"Unambiguous","Mismatch",120
"255","Native",6,2,"disamb","fp","disamb fp",3,0,133,133,"Unambiguous","Match",133
"257","Native",6,9,"disamb","fp","disamb fp",2,0,150,150,"Ambiguous","Mismatch",150
"259","Native",6,8,"disamb","fp","disamb fp",1,0,207,207,"Ambiguous","Match",207
"261","Native",6,24,"disamb","fp","disamb fp",1,0,113,113,"Ambiguous","Match",113
"263","Native",6,11,"disamb","fp","disamb fp",4,0,188,188,"Unambiguous","Mismatch",188
"265","Native",6,16,"disamb","fp","disamb fp",1,1,0,NA,"Ambiguous","Match",NA
"267","Native",6,21,"disamb","fp","disamb fp",2,0,124,124,"Ambiguous","Mismatch",124
"269","Native",6,13,"disamb","fp","disamb fp",2,0,168,168,"Ambiguous","Mismatch",168
"271","Native",6,7,"disamb","fp","disamb fp",4,0,228,228,"Unambiguous","Mismatch",228
"273","Native",6,19,"disamb","fp","disamb fp",4,1,0,NA,"Unambiguous","Mismatch",NA
"275","Native",6,23,"disamb","fp","disamb fp",4,1,0,NA,"Unambiguous","Mismatch",NA
"277","Native",6,1,"disamb","fp","disamb fp",2,0,160,160,"Ambiguous","Mismatch",160
"279","Native",6,6,"disamb","fp","disamb fp",3,1,0,NA,"Unambiguous","Match",NA
"281","Native",6,4,"disamb","fp","disamb fp",1,0,139,139,"Ambiguous","Match",139
"283","Native",6,20,"disamb","fp","disamb fp",1,0,187,187,"Ambiguous","Match",187
"285","Native",6,10,"disamb","fp","disamb fp",3,0,162,162,"Unambiguous","Match",162
"287","Native",6,18,"disamb","fp","disamb fp",3,0,211,211,"Unambiguous","Match",211
"290","Native",7,16,"disamb","fp","disamb fp",2,0,181,181,"Ambiguous","Mismatch",181
"292","Native",7,14,"disamb","fp","disamb fp",4,0,385,385,"Unambiguous","Mismatch",385
"294","Native",7,12,"disamb","fp","disamb fp",2,0,152,152,"Ambiguous","Mismatch",152
"296","Native",7,20,"disamb","fp","disamb fp",2,0,720,720,"Ambiguous","Mismatch",720
"298","Native",7,10,"disamb","fp","disamb fp",4,1,0,NA,"Unambiguous","Mismatch",NA
"300","Native",7,24,"disamb","fp","disamb fp",2,0,481,481,"Ambiguous","Mismatch",481
"302","Native",7,22,"disamb","fp","disamb fp",4,0,303,303,"Unambiguous","Mismatch",303
"304","Native",7,23,"disamb","fp","disamb fp",1,0,233,233,"Ambiguous","Match",233
"306","Native",7,18,"disamb","fp","disamb fp",4,1,0,NA,"Unambiguous","Mismatch",NA
"308","Native",7,8,"disamb","fp","disamb fp",2,0,149,149,"Ambiguous","Mismatch",149
"310","Native",7,1,"disamb","fp","disamb fp",3,0,160,160,"Unambiguous","Match",160
"312","Native",7,2,"disamb","fp","disamb fp",4,0,354,354,"Unambiguous","Mismatch",354
"314","Native",7,13,"disamb","fp","disamb fp",3,0,146,146,"Unambiguous","Match",146
"316","Native",7,11,"disamb","fp","disamb fp",1,0,145,145,"Ambiguous","Match",145
"318","Native",7,5,"disamb","fp","disamb fp",3,1,0,NA,"Unambiguous","Match",NA
"320","Native",7,3,"disamb","fp","disamb fp",1,0,311,311,"Ambiguous","Match",311
"322","Native",7,19,"disamb","fp","disamb fp",1,0,199,199,"Ambiguous","Match",199
"324","Native",7,7,"disamb","fp","disamb fp",1,0,139,139,"Ambiguous","Match",139
"326","Native",7,15,"disamb","fp","disamb fp",1,0,412,412,"Ambiguous","Match",412
"328","Native",7,4,"disamb","fp","disamb fp",2,0,335,335,"Ambiguous","Mismatch",335
"330","Native",7,17,"disamb","fp","disamb fp",3,0,223,223,"Unambiguous","Match",223
"332","Native",7,21,"disamb","fp","disamb fp",3,0,202,202,"Unambiguous","Match",202
"334","Native",7,6,"disamb","fp","disamb fp",4,0,277,277,"Unambiguous","Mismatch",277
"336","Native",7,9,"disamb","fp","disamb fp",3,0,167,167,"Unambiguous","Match",167
"337","Native",8,11,"disamb","fp","disamb fp",2,0,429,429,"Ambiguous","Mismatch",429
"339","Native",8,17,"disamb","fp","disamb fp",4,0,259,259,"Unambiguous","Mismatch",259
"341","Native",8,2,"disamb","fp","disamb fp",1,0,245,245,"Ambiguous","Match",245
"343","Native",8,18,"disamb","fp","disamb fp",1,0,226,226,"Ambiguous","Match",226
"345","Native",8,14,"disamb","fp","disamb fp",1,0,272,272,"Ambiguous","Match",272
"347","Native",8,4,"disamb","fp","disamb fp",3,0,219,219,"Unambiguous","Match",219
"349","Native",8,23,"disamb","fp","disamb fp",2,0,235,235,"Ambiguous","Mismatch",235
"351","Native",8,21,"disamb","fp","disamb fp",4,0,301,301,"Unambiguous","Mismatch",301
"353","Native",8,5,"disamb","fp","disamb fp",4,0,326,326,"Unambiguous","Mismatch",326
"355","Native",8,1,"disamb","fp","disamb fp",4,0,237,237,"Unambiguous","Mismatch",237
"357","Native",8,6,"disamb","fp","disamb fp",1,0,283,283,"Ambiguous","Match",283
"359","Native",8,7,"disamb","fp","disamb fp",2,0,330,330,"Ambiguous","Mismatch",330
"361","Native",8,12,"disamb","fp","disamb fp",3,0,261,261,"Unambiguous","Match",261
"363","Native",8,10,"disamb","fp","disamb fp",1,0,343,343,"Ambiguous","Match",343
"365","Native",8,16,"disamb","fp","disamb fp",3,0,370,370,"Unambiguous","Match",370
"367","Native",8,8,"disamb","fp","disamb fp",3,1,0,NA,"Unambiguous","Match",NA
"369","Native",8,19,"disamb","fp","disamb fp",2,0,235,235,"Ambiguous","Mismatch",235
"371","Native",8,15,"disamb","fp","disamb fp",2,0,410,410,"Ambiguous","Mismatch",410
"373","Native",8,22,"disamb","fp","disamb fp",1,1,0,NA,"Ambiguous","Match",NA
"375","Native",8,9,"disamb","fp","disamb fp",4,0,245,245,"Unambiguous","Mismatch",245
"377","Native",8,24,"disamb","fp","disamb fp",3,0,281,281,"Unambiguous","Match",281
"379","Native",8,13,"disamb","fp","disamb fp",4,0,306,306,"Unambiguous","Mismatch",306
"381","Native",8,3,"disamb","fp","disamb fp",2,0,253,253,"Ambiguous","Mismatch",253
"383","Native",8,20,"disamb","fp","disamb fp",3,0,479,479,"Unambiguous","Match",479
"386","Native",9,9,"disamb","fp","disamb fp",1,0,335,335,"Ambiguous","Match",335
"388","Native",9,3,"disamb","fp","disamb fp",3,0,177,177,"Unambiguous","Match",177
"390","Native",9,5,"disamb","fp","disamb fp",1,0,148,148,"Ambiguous","Match",148
"392","Native",9,22,"disamb","fp","disamb fp",2,0,247,247,"Ambiguous","Mismatch",247
"394","Native",9,2,"disamb","fp","disamb fp",2,0,190,190,"Ambiguous","Mismatch",190
"396","Native",9,7,"disamb","fp","disamb fp",3,0,197,197,"Unambiguous","Match",197
"398","Native",9,6,"disamb","fp","disamb fp",2,0,433,433,"Ambiguous","Mismatch",433
"400","Native",9,13,"disamb","fp","disamb fp",1,0,197,197,"Ambiguous","Match",197
"402","Native",9,24,"disamb","fp","disamb fp",4,0,190,190,"Unambiguous","Mismatch",190
"404","Native",9,14,"disamb","fp","disamb fp",2,0,200,200,"Ambiguous","Mismatch",200
"406","Native",9,12,"disamb","fp","disamb fp",4,0,237,237,"Unambiguous","Mismatch",237
"408","Native",9,20,"disamb","fp","disamb fp",4,0,541,541,"Unambiguous","Mismatch",541
"410","Native",9,4,"disamb","fp","disamb fp",4,0,198,198,"Unambiguous","Mismatch",198
"412","Native",9,23,"disamb","fp","disamb fp",3,0,281,281,"Unambiguous","Match",281
"414","Native",9,10,"disamb","fp","disamb fp",2,0,227,227,"Ambiguous","Mismatch",227
"416","Native",9,1,"disamb","fp","disamb fp",1,0,166,166,"Ambiguous","Match",166
"418","Native",9,16,"disamb","fp","disamb fp",4,0,152,152,"Unambiguous","Mismatch",152
"420","Native",9,18,"disamb","fp","disamb fp",2,0,163,163,"Ambiguous","Mismatch",163
"422","Native",9,21,"disamb","fp","disamb fp",1,1,0,NA,"Ambiguous","Match",NA
"424","Native",9,15,"disamb","fp","disamb fp",3,0,183,183,"Unambiguous","Match",183
"426","Native",9,17,"disamb","fp","disamb fp",1,1,0,NA,"Ambiguous","Match",NA
"428","Native",9,11,"disamb","fp","disamb fp",3,0,378,378,"Unambiguous","Match",378
"430","Native",9,19,"disamb","fp","disamb fp",3,1,0,NA,"Unambiguous","Match",NA
"432","Native",9,8,"disamb","fp","disamb fp",4,0,212,212,"Unambiguous","Mismatch",212
"434","Native",10,13,"disamb","fp","disamb fp",2,0,543,543,"Ambiguous","Mismatch",543
"436","Native",10,3,"disamb","fp","disamb fp",4,1,0,NA,"Unambiguous","Mismatch",NA
"438","Native",10,9,"disamb","fp","disamb fp",2,0,198,198,"Ambiguous","Mismatch",198
"440","Native",10,20,"disamb","fp","disamb fp",1,0,375,375,"Ambiguous","Match",375
"442","Native",10,1,"disamb","fp","disamb fp",2,0,199,199,"Ambiguous","Mismatch",199
"444","Native",10,5,"disamb","fp","disamb fp",2,0,265,265,"Ambiguous","Mismatch",265
"446","Native",10,6,"disamb","fp","disamb fp",3,0,157,157,"Unambiguous","Match",157
"448","Native",10,4,"disamb","fp","disamb fp",1,0,319,319,"Ambiguous","Match",319
"450","Native",10,23,"disamb","fp","disamb fp",4,0,181,181,"Unambiguous","Mismatch",181
"452","Native",10,17,"disamb","fp","disamb fp",2,0,449,449,"Ambiguous","Mismatch",449
"454","Native",10,2,"disamb","fp","disamb fp",3,0,178,178,"Unambiguous","Match",178
"456","Native",10,11,"disamb","fp","disamb fp",4,0,116,116,"Unambiguous","Mismatch",116
"458","Native",10,16,"disamb","fp","disamb fp",1,0,227,227,"Ambiguous","Match",227
"460","Native",10,15,"disamb","fp","disamb fp",4,0,218,218,"Unambiguous","Mismatch",218
"462","Native",10,21,"disamb","fp","disamb fp",2,0,486,486,"Ambiguous","Mismatch",486
"464","Native",10,18,"disamb","fp","disamb fp",3,0,341,341,"Unambiguous","Match",341
"466","Native",10,10,"disamb","fp","disamb fp",3,0,170,170,"Unambiguous","Match",170
"468","Native",10,22,"disamb","fp","disamb fp",3,0,204,204,"Unambiguous","Match",204
"470","Native",10,14,"disamb","fp","disamb fp",3,0,142,142,"Unambiguous","Match",142
"472","Native",10,12,"disamb","fp","disamb fp",1,0,185,185,"Ambiguous","Match",185
"474","Native",10,8,"disamb","fp","disamb fp",1,0,266,266,"Ambiguous","Match",266
"476","Native",10,19,"disamb","fp","disamb fp",4,0,340,340,"Unambiguous","Mismatch",340
"478","Native",10,24,"disamb","fp","disamb fp",1,0,278,278,"Ambiguous","Match",278
"480","Native",10,7,"disamb","fp","disamb fp",4,0,447,447,"Unambiguous","Mismatch",447
"482","Native",11,6,"disamb","fp","disamb fp",4,0,364,364,"Unambiguous","Mismatch",364
"484","Native",11,14,"disamb","fp","disamb fp",4,0,96,96,"Unambiguous","Mismatch",96
"486","Native",11,15,"disamb","fp","disamb fp",1,0,244,244,"Ambiguous","Match",244
"488","Native",11,18,"disamb","fp","disamb fp",4,0,232,232,"Unambiguous","Mismatch",232
"490","Native",11,20,"disamb","fp","disamb fp",2,0,208,208,"Ambiguous","Mismatch",208
"492","Native",11,13,"disamb","fp","disamb fp",3,1,0,NA,"Unambiguous","Match",NA
"494","Native",11,8,"disamb","fp","disamb fp",2,0,578,578,"Ambiguous","Mismatch",578
"496","Native",11,9,"disamb","fp","disamb fp",3,0,374,374,"Unambiguous","Match",374
"498","Native",11,19,"disamb","fp","disamb fp",1,0,400,400,"Ambiguous","Match",400
"500","Native",11,24,"disamb","fp","disamb fp",2,1,0,NA,"Ambiguous","Mismatch",NA
"502","Native",11,2,"disamb","fp","disamb fp",4,0,382,382,"Unambiguous","Mismatch",382
"504","Native",11,10,"disamb","fp","disamb fp",4,0,482,482,"Unambiguous","Mismatch",482
"506","Native",11,23,"disamb","fp","disamb fp",1,0,516,516,"Ambiguous","Match",516
"508","Native",11,12,"disamb","fp","disamb fp",2,0,696,696,"Ambiguous","Mismatch",696
"510","Native",11,21,"disamb","fp","disamb fp",3,0,512,512,"Unambiguous","Match",512
"512","Native",11,16,"disamb","fp","disamb fp",2,0,648,648,"Ambiguous","Mismatch",648
"514","Native",11,7,"disamb","fp","disamb fp",1,0,210,210,"Ambiguous","Match",210
"516","Native",11,5,"disamb","fp","disamb fp",3,0,304,304,"Unambiguous","Match",304
"518","Native",11,3,"disamb","fp","disamb fp",1,0,252,252,"Ambiguous","Match",252
"520","Native",11,1,"disamb","fp","disamb fp",3,0,324,324,"Unambiguous","Match",324
"522","Native",11,4,"disamb","fp","disamb fp",2,0,668,668,"Ambiguous","Mismatch",668
"524","Native",11,17,"disamb","fp","disamb fp",3,0,164,164,"Unambiguous","Match",164
"526","Native",11,11,"disamb","fp","disamb fp",1,0,200,200,"Ambiguous","Match",200
"528","Native",11,22,"disamb","fp","disamb fp",4,0,282,282,"Unambiguous","Mismatch",282
"530","Native",12,21,"disamb","fp","disamb fp",2,0,238,238,"Ambiguous","Mismatch",238
"532","Native",12,17,"disamb","fp","disamb fp",2,0,484,484,"Ambiguous","Mismatch",484
"534","Native",12,6,"disamb","fp","disamb fp",3,0,215,215,"Unambiguous","Match",215
"536","Native",12,10,"disamb","fp","disamb fp",3,1,0,NA,"Unambiguous","Match",NA
"538","Native",12,18,"disamb","fp","disamb fp",3,0,288,288,"Unambiguous","Match",288
"540","Native",12,16,"disamb","fp","disamb fp",1,0,636,636,"Ambiguous","Match",636
"542","Native",12,15,"disamb","fp","disamb fp",4,0,153,153,"Unambiguous","Mismatch",153
"544","Native",12,1,"disamb","fp","disamb fp",2,0,879,879,"Ambiguous","Mismatch",879
"546","Native",12,9,"disamb","fp","disamb fp",2,0,593,593,"Ambiguous","Mismatch",593
"548","Native",12,11,"disamb","fp","disamb fp",4,0,216,216,"Unambiguous","Mismatch",216
"550","Native",12,8,"disamb","fp","disamb fp",1,0,447,447,"Ambiguous","Match",447
"552","Native",12,23,"disamb","fp","disamb fp",4,0,632,632,"Unambiguous","Mismatch",632
"554","Native",12,5,"disamb","fp","disamb fp",2,0,341,341,"Ambiguous","Mismatch",341
"556","Native",12,2,"disamb","fp","disamb fp",3,0,281,281,"Unambiguous","Match",281
"558","Native",12,4,"disamb","fp","disamb fp",1,0,180,180,"Ambiguous","Match",180
"560","Native",12,19,"disamb","fp","disamb fp",4,0,267,267,"Unambiguous","Mismatch",267
"562","Native",12,14,"disamb","fp","disamb fp",3,0,236,236,"Unambiguous","Match",236
"564","Native",12,13,"disamb","fp","disamb fp",2,0,224,224,"Ambiguous","Mismatch",224
"566","Native",12,24,"disamb","fp","disamb fp",1,1,0,NA,"Ambiguous","Match",NA
"568","Native",12,12,"disamb","fp","disamb fp",1,0,196,196,"Ambiguous","Match",196
"570","Native",12,22,"disamb","fp","disamb fp",3,0,260,260,"Unambiguous","Match",260
"572","Native",12,20,"disamb","fp","disamb fp",1,0,445,445,"Ambiguous","Match",445
"574","Native",12,3,"disamb","fp","disamb fp",4,0,235,235,"Unambiguous","Mismatch",235
"576","Native",12,7,"disamb","fp","disamb fp",4,0,246,246,"Unambiguous","Mismatch",246
"577","Native",13,5,"disamb","fp","disamb fp",4,1,0,NA,"Unambiguous","Mismatch",NA
"579","Native",13,18,"disamb","fp","disamb fp",1,0,410,410,"Ambiguous","Match",410
"581","Native",13,17,"disamb","fp","disamb fp",4,1,0,NA,"Unambiguous","Mismatch",NA
"583","Native",13,4,"disamb","fp","disamb fp",3,1,0,NA,"Unambiguous","Match",NA
"585","Native",13,9,"disamb","fp","disamb fp",4,0,383,383,"Unambiguous","Mismatch",383
"587","Native",13,10,"disamb","fp","disamb fp",1,0,215,215,"Ambiguous","Match",215
"589","Native",13,20,"disamb","fp","disamb fp",3,0,174,174,"Unambiguous","Match",174
"591","Native",13,22,"disamb","fp","disamb fp",1,0,307,307,"Ambiguous","Match",307
"593","Native",13,13,"disamb","fp","disamb fp",4,0,226,226,"Unambiguous","Mismatch",226
"595","Native",13,24,"disamb","fp","disamb fp",3,0,458,458,"Unambiguous","Match",458
"597","Native",13,12,"disamb","fp","disamb fp",3,0,436,436,"Unambiguous","Match",436
"599","Native",13,7,"disamb","fp","disamb fp",2,0,694,694,"Ambiguous","Mismatch",694
"601","Native",13,15,"disamb","fp","disamb fp",2,1,0,NA,"Ambiguous","Mismatch",NA
"603","Native",13,16,"disamb","fp","disamb fp",3,1,0,NA,"Unambiguous","Match",NA
"605","Native",13,8,"disamb","fp","disamb fp",3,0,513,513,"Unambiguous","Match",513
"607","Native",13,14,"disamb","fp","disamb fp",1,1,0,NA,"Ambiguous","Match",NA
"609","Native",13,3,"disamb","fp","disamb fp",2,1,0,NA,"Ambiguous","Mismatch",NA
"611","Native",13,2,"disamb","fp","disamb fp",1,0,294,294,"Ambiguous","Match",294
"613","Native",13,23,"disamb","fp","disamb fp",2,0,322,322,"Ambiguous","Mismatch",322
"615","Native",13,19,"disamb","fp","disamb fp",2,0,401,401,"Ambiguous","Mismatch",401
"617","Native",13,11,"disamb","fp","disamb fp",2,0,584,584,"Ambiguous","Mismatch",584
"619","Native",13,6,"disamb","fp","disamb fp",1,0,192,192,"Ambiguous","Match",192
"621","Native",13,1,"disamb","fp","disamb fp",4,1,0,NA,"Unambiguous","Mismatch",NA
"623","Native",13,21,"disamb","fp","disamb fp",4,1,0,NA,"Unambiguous","Mismatch",NA
"625","Native",14,10,"disamb","fp","disamb fp",2,0,189,189,"Ambiguous","Mismatch",189
"627","Native",14,5,"disamb","fp","disamb fp",1,0,215,215,"Ambiguous","Match",215
"629","Native",14,21,"disamb","fp","disamb fp",1,0,197,197,"Ambiguous","Match",197
"631","Native",14,12,"disamb","fp","disamb fp",4,0,90,90,"Unambiguous","Mismatch",90
"633","Native",14,20,"disamb","fp","disamb fp",4,0,183,183,"Unambiguous","Mismatch",183
"635","Native",14,3,"disamb","fp","disamb fp",3,0,251,251,"Unambiguous","Match",251
"637","Native",14,11,"disamb","fp","disamb fp",3,0,204,204,"Unambiguous","Match",204
"639","Native",14,23,"disamb","fp","disamb fp",3,0,177,177,"Unambiguous","Match",177
"641","Native",14,13,"disamb","fp","disamb fp",1,0,414,414,"Ambiguous","Match",414
"643","Native",14,19,"disamb","fp","disamb fp",3,0,153,153,"Unambiguous","Match",153
"645","Native",14,22,"disamb","fp","disamb fp",2,0,276,276,"Ambiguous","Mismatch",276
"647","Native",14,1,"disamb","fp","disamb fp",1,0,144,144,"Ambiguous","Match",144
"649","Native",14,17,"disamb","fp","disamb fp",1,0,303,303,"Ambiguous","Match",303
"651","Native",14,4,"disamb","fp","disamb fp",4,0,233,233,"Unambiguous","Mismatch",233
"653","Native",14,9,"disamb","fp","disamb fp",1,0,199,199,"Ambiguous","Match",199
"655","Native",14,6,"disamb","fp","disamb fp",2,0,591,591,"Ambiguous","Mismatch",NA
"657","Native",14,2,"disamb","fp","disamb fp",2,1,0,NA,"Ambiguous","Mismatch",NA
"659","Native",14,14,"disamb","fp","disamb fp",2,0,148,148,"Ambiguous","Mismatch",148
"661","Native",14,15,"disamb","fp","disamb fp",3,0,207,207,"Unambiguous","Match",207
"663","Native",14,18,"disamb","fp","disamb fp",2,0,175,175,"Ambiguous","Mismatch",175
"665","Native",14,16,"disamb","fp","disamb fp",4,0,176,176,"Unambiguous","Mismatch",176
"667","Native",14,7,"disamb","fp","disamb fp",3,0,198,198,"Unambiguous","Match",198
"669","Native",14,8,"disamb","fp","disamb fp",4,0,192,192,"Unambiguous","Mismatch",192
"671","Native",14,24,"disamb","fp","disamb fp",4,1,0,NA,"Unambiguous","Mismatch",NA
"674","Native",15,16,"disamb","fp","disamb fp",1,0,236,236,"Ambiguous","Match",236
"676","Native",15,4,"disamb","fp","disamb fp",1,0,390,390,"Ambiguous","Match",390
"678","Native",15,22,"disamb","fp","disamb fp",3,0,110,110,"Unambiguous","Match",110
"680","Native",15,13,"disamb","fp","disamb fp",2,0,234,234,"Ambiguous","Mismatch",234
"682","Native",15,21,"disamb","fp","disamb fp",2,0,249,249,"Ambiguous","Mismatch",249
"684","Native",15,23,"disamb","fp","disamb fp",4,0,224,224,"Unambiguous","Mismatch",224
"686","Native",15,9,"disamb","fp","disamb fp",2,0,251,251,"Ambiguous","Mismatch",251
"688","Native",15,7,"disamb","fp","disamb fp",4,0,178,178,"Unambiguous","Mismatch",178
"690","Native",15,8,"disamb","fp","disamb fp",1,0,205,205,"Ambiguous","Match",205
"692","Native",15,6,"disamb","fp","disamb fp",3,0,210,210,"Unambiguous","Match",210
"694","Native",15,2,"disamb","fp","disamb fp",3,0,211,211,"Unambiguous","Match",211
"696","Native",15,11,"disamb","fp","disamb fp",4,0,245,245,"Unambiguous","Mismatch",245
"698","Native",15,19,"disamb","fp","disamb fp",4,0,235,235,"Unambiguous","Mismatch",235
"700","Native",15,10,"disamb","fp","disamb fp",3,0,208,208,"Unambiguous","Match",208
"702","Native",15,3,"disamb","fp","disamb fp",4,0,164,164,"Unambiguous","Mismatch",164
"704","Native",15,1,"disamb","fp","disamb fp",2,0,569,569,"Ambiguous","Mismatch",569
"706","Native",15,17,"disamb","fp","disamb fp",2,0,206,206,"Ambiguous","Mismatch",206
"708","Native",15,12,"disamb","fp","disamb fp",1,0,171,171,"Ambiguous","Match",171
"710","Native",15,18,"disamb","fp","disamb fp",3,0,110,110,"Unambiguous","Match",110
"712","Native",15,15,"disamb","fp","disamb fp",4,0,208,208,"Unambiguous","Mismatch",208
"714","Native",15,20,"disamb","fp","disamb fp",1,0,229,229,"Ambiguous","Match",229
"716","Native",15,5,"disamb","fp","disamb fp",2,0,485,485,"Ambiguous","Mismatch",485
"718","Native",15,14,"disamb","fp","disamb fp",3,0,260,260,"Unambiguous","Match",260
"720","Native",15,24,"disamb","fp","disamb fp",1,0,426,426,"Ambiguous","Match",426
"722","Native",16,3,"disamb","fp","disamb fp",1,0,192,192,"Ambiguous","Match",192
"724","Native",16,10,"disamb","fp","disamb fp",4,0,214,214,"Unambiguous","Mismatch",214
"726","Native",16,18,"disamb","fp","disamb fp",4,0,281,281,"Unambiguous","Mismatch",281
"728","Native",16,12,"disamb","fp","disamb fp",2,0,245,245,"Ambiguous","Mismatch",245
"730","Native",16,22,"disamb","fp","disamb fp",4,0,179,179,"Unambiguous","Mismatch",179
"732","Native",16,13,"disamb","fp","disamb fp",3,0,246,246,"Unambiguous","Match",246
"734","Native",16,24,"disamb","fp","disamb fp",2,0,374,374,"Ambiguous","Mismatch",374
"736","Native",16,21,"disamb","fp","disamb fp",3,0,419,419,"Unambiguous","Match",419
"738","Native",16,4,"disamb","fp","disamb fp",2,0,338,338,"Ambiguous","Mismatch",338
"740","Native",16,15,"disamb","fp","disamb fp",1,0,325,325,"Ambiguous","Match",325
"742","Native",16,14,"disamb","fp","disamb fp",4,0,316,316,"Unambiguous","Mismatch",316
"744","Native",16,16,"disamb","fp","disamb fp",2,0,539,539,"Ambiguous","Mismatch",539
"746","Native",16,7,"disamb","fp","disamb fp",1,0,178,178,"Ambiguous","Match",178
"748","Native",16,11,"disamb","fp","disamb fp",1,0,461,461,"Ambiguous","Match",461
"750","Native",16,9,"disamb","fp","disamb fp",3,0,112,112,"Unambiguous","Match",112
"752","Native",16,19,"disamb","fp","disamb fp",1,0,220,220,"Ambiguous","Match",220
"754","Native",16,20,"disamb","fp","disamb fp",2,0,427,427,"Ambiguous","Mismatch",427
"756","Native",16,8,"disamb","fp","disamb fp",2,0,227,227,"Ambiguous","Mismatch",227
"758","Native",16,6,"disamb","fp","disamb fp",4,0,223,223,"Unambiguous","Mismatch",223
"760","Native",16,5,"disamb","fp","disamb fp",3,1,0,NA,"Unambiguous","Match",NA
"762","Native",16,17,"disamb","fp","disamb fp",3,0,375,375,"Unambiguous","Match",375
"764","Native",16,23,"disamb","fp","disamb fp",1,1,0,NA,"Ambiguous","Match",NA
"766","Native",16,2,"disamb","fp","disamb fp",4,0,417,417,"Unambiguous","Mismatch",417
"768","Native",16,1,"disamb","fp","disamb fp",3,0,204,204,"Unambiguous","Match",204
"770","Native",17,10,"disamb","fp","disamb fp",1,0,347,347,"Ambiguous","Match",347
"772","Native",17,11,"disamb","fp","disamb fp",2,0,214,214,"Ambiguous","Mismatch",214
"774","Native",17,12,"disamb","fp","disamb fp",3,0,151,151,"Unambiguous","Match",151
"776","Native",17,16,"disamb","fp","disamb fp",3,0,175,175,"Unambiguous","Match",175
"778","Native",17,8,"disamb","fp","disamb fp",3,0,154,154,"Unambiguous","Match",154
"780","Native",17,14,"disamb","fp","disamb fp",1,0,135,135,"Ambiguous","Match",135
"782","Native",17,17,"disamb","fp","disamb fp",4,0,149,149,"Unambiguous","Mismatch",149
"784","Native",17,15,"disamb","fp","disamb fp",2,0,202,202,"Ambiguous","Mismatch",202
"786","Native",17,6,"disamb","fp","disamb fp",1,0,580,580,"Ambiguous","Match",580
"788","Native",17,2,"disamb","fp","disamb fp",1,0,271,271,"Ambiguous","Match",271
"790","Native",17,4,"disamb","fp","disamb fp",3,0,221,221,"Unambiguous","Match",221
"792","Native",17,13,"disamb","fp","disamb fp",4,0,858,858,"Unambiguous","Mismatch",858
"794","Native",17,5,"disamb","fp","disamb fp",4,0,200,200,"Unambiguous","Mismatch",200
"796","Native",17,7,"disamb","fp","disamb fp",2,0,130,130,"Ambiguous","Mismatch",130
"798","Native",17,9,"disamb","fp","disamb fp",4,0,427,427,"Unambiguous","Mismatch",427
"800","Native",17,3,"disamb","fp","disamb fp",2,1,0,NA,"Ambiguous","Mismatch",NA
"802","Native",17,21,"disamb","fp","disamb fp",4,0,141,141,"Unambiguous","Mismatch",141
"804","Native",17,19,"disamb","fp","disamb fp",2,0,700,700,"Ambiguous","Mismatch",700
"806","Native",17,18,"disamb","fp","disamb fp",1,0,121,121,"Ambiguous","Match",121
"808","Native",17,20,"disamb","fp","disamb fp",3,0,157,157,"Unambiguous","Match",157
"810","Native",17,1,"disamb","fp","disamb fp",4,0,266,266,"Unambiguous","Mismatch",266
"812","Native",17,24,"disamb","fp","disamb fp",3,0,193,193,"Unambiguous","Match",193
"814","Native",17,23,"disamb","fp","disamb fp",2,0,905,905,"Ambiguous","Mismatch",905
"816","Native",17,22,"disamb","fp","disamb fp",1,0,308,308,"Ambiguous","Match",308
"817","Native",18,8,"disamb","fp","disamb fp",4,0,416,416,"Unambiguous","Mismatch",416
"819","Native",18,6,"disamb","fp","disamb fp",2,0,163,163,"Ambiguous","Mismatch",163
"821","Native",18,23,"disamb","fp","disamb fp",3,0,592,592,"Unambiguous","Match",592
"823","Native",18,12,"disamb","fp","disamb fp",4,0,313,313,"Unambiguous","Mismatch",313
"825","Native",18,9,"disamb","fp","disamb fp",1,0,161,161,"Ambiguous","Match",161
"827","Native",18,17,"disamb","fp","disamb fp",1,0,167,167,"Ambiguous","Match",167
"829","Native",18,13,"disamb","fp","disamb fp",1,0,271,271,"Ambiguous","Match",271
"831","Native",18,19,"disamb","fp","disamb fp",3,0,124,124,"Unambiguous","Match",124
"833","Native",18,5,"disamb","fp","disamb fp",1,0,344,344,"Ambiguous","Match",344
"835","Native",18,20,"disamb","fp","disamb fp",4,0,385,385,"Unambiguous","Mismatch",385
"837","Native",18,16,"disamb","fp","disamb fp",4,0,360,360,"Unambiguous","Mismatch",360
"839","Native",18,4,"disamb","fp","disamb fp",4,0,107,107,"Unambiguous","Mismatch",107
"841","Native",18,18,"disamb","fp","disamb fp",2,0,330,330,"Ambiguous","Mismatch",330
"843","Native",18,11,"disamb","fp","disamb fp",3,0,161,161,"Unambiguous","Match",161
"845","Native",18,2,"disamb","fp","disamb fp",2,0,289,289,"Ambiguous","Mismatch",289
"847","Native",18,1,"disamb","fp","disamb fp",1,0,387,387,"Ambiguous","Match",387
"849","Native",18,21,"disamb","fp","disamb fp",1,0,149,149,"Ambiguous","Match",149
"851","Native",18,10,"disamb","fp","disamb fp",2,0,121,121,"Ambiguous","Mismatch",121
"853","Native",18,14,"disamb","fp","disamb fp",2,0,509,509,"Ambiguous","Mismatch",509
"855","Native",18,15,"disamb","fp","disamb fp",3,0,406,406,"Unambiguous","Match",406
"857","Native",18,22,"disamb","fp","disamb fp",2,0,158,158,"Ambiguous","Mismatch",158
"859","Native",18,7,"disamb","fp","disamb fp",3,0,196,196,"Unambiguous","Match",196
"861","Native",18,24,"disamb","fp","disamb fp",4,0,155,155,"Unambiguous","Mismatch",155
"863","Native",18,3,"disamb","fp","disamb fp",3,0,150,150,"Unambiguous","Match",150
"865","Native",19,14,"disamb","fp","disamb fp",3,0,287,287,"Unambiguous","Match",287
"867","Native",19,3,"disamb","fp","disamb fp",4,0,220,220,"Unambiguous","Mismatch",220
"869","Native",19,17,"disamb","fp","disamb fp",2,0,253,253,"Ambiguous","Mismatch",253
"871","Native",19,24,"disamb","fp","disamb fp",1,0,300,300,"Ambiguous","Match",300
"873","Native",19,19,"disamb","fp","disamb fp",4,0,188,188,"Unambiguous","Mismatch",188
"875","Native",19,22,"disamb","fp","disamb fp",3,0,220,220,"Unambiguous","Match",220
"877","Native",19,21,"disamb","fp","disamb fp",2,0,296,296,"Ambiguous","Mismatch",296
"879","Native",19,15,"disamb","fp","disamb fp",4,0,264,264,"Unambiguous","Mismatch",264
"881","Native",19,7,"disamb","fp","disamb fp",4,0,165,165,"Unambiguous","Mismatch",165
"883","Native",19,6,"disamb","fp","disamb fp",3,0,265,265,"Unambiguous","Match",265
"885","Native",19,1,"disamb","fp","disamb fp",2,0,339,339,"Ambiguous","Mismatch",339
"887","Native",19,8,"disamb","fp","disamb fp",1,1,0,NA,"Ambiguous","Match",NA
"889","Native",19,23,"disamb","fp","disamb fp",4,0,223,223,"Unambiguous","Mismatch",223
"891","Native",19,16,"disamb","fp","disamb fp",1,0,243,243,"Ambiguous","Match",243
"893","Native",19,13,"disamb","fp","disamb fp",2,0,493,493,"Ambiguous","Mismatch",493
"895","Native",19,9,"disamb","fp","disamb fp",2,0,226,226,"Ambiguous","Mismatch",226
"897","Native",19,2,"disamb","fp","disamb fp",3,0,211,211,"Unambiguous","Match",211
"899","Native",19,10,"disamb","fp","disamb fp",3,0,266,266,"Unambiguous","Match",266
"901","Native",19,20,"disamb","fp","disamb fp",1,0,237,237,"Ambiguous","Match",237
"903","Native",19,5,"disamb","fp","disamb fp",2,1,0,NA,"Ambiguous","Mismatch",NA
"905","Native",19,11,"disamb","fp","disamb fp",4,0,302,302,"Unambiguous","Mismatch",302
"907","Native",19,18,"disamb","fp","disamb fp",3,0,231,231,"Unambiguous","Match",231
"909","Native",19,4,"disamb","fp","disamb fp",1,0,398,398,"Ambiguous","Match",398
"911","Native",19,12,"disamb","fp","disamb fp",1,0,280,280,"Ambiguous","Match",280
"914","Native",20,21,"disamb","fp","disamb fp",3,0,264,264,"Unambiguous","Match",264
"916","Native",20,20,"disamb","fp","disamb fp",2,0,182,182,"Ambiguous","Mismatch",182
"918","Native",20,22,"disamb","fp","disamb fp",4,1,0,NA,"Unambiguous","Mismatch",NA
"920","Native",20,12,"disamb","fp","disamb fp",2,1,0,NA,"Ambiguous","Mismatch",NA
"922","Native",20,11,"disamb","fp","disamb fp",1,1,0,NA,"Ambiguous","Match",NA
"924","Native",20,5,"disamb","fp","disamb fp",3,0,124,124,"Unambiguous","Match",124
"926","Native",20,1,"disamb","fp","disamb fp",3,1,0,NA,"Unambiguous","Match",NA
"928","Native",20,23,"disamb","fp","disamb fp",1,0,176,176,"Ambiguous","Match",176
"930","Native",20,9,"disamb","fp","disamb fp",3,0,247,247,"Unambiguous","Match",247
"932","Native",20,14,"disamb","fp","disamb fp",4,1,0,NA,"Unambiguous","Mismatch",NA
"934","Native",20,17,"disamb","fp","disamb fp",3,0,140,140,"Unambiguous","Match",140
"936","Native",20,19,"disamb","fp","disamb fp",1,0,124,124,"Ambiguous","Match",124
"938","Native",20,24,"disamb","fp","disamb fp",2,1,0,NA,"Ambiguous","Mismatch",NA
"940","Native",20,13,"disamb","fp","disamb fp",3,0,215,215,"Unambiguous","Match",215
"942","Native",20,4,"disamb","fp","disamb fp",2,0,198,198,"Ambiguous","Mismatch",198
"944","Native",20,10,"disamb","fp","disamb fp",4,1,0,NA,"Unambiguous","Mismatch",NA
"946","Native",20,18,"disamb","fp","disamb fp",4,1,0,NA,"Unambiguous","Mismatch",NA
"948","Native",20,7,"disamb","fp","disamb fp",1,0,393,393,"Ambiguous","Match",393
"950","Native",20,15,"disamb","fp","disamb fp",1,0,268,268,"Ambiguous","Match",268
"952","Native",20,8,"disamb","fp","disamb fp",2,0,310,310,"Ambiguous","Mismatch",310
"954","Native",20,16,"disamb","fp","disamb fp",2,0,512,512,"Ambiguous","Mismatch",512
"956","Native",20,6,"disamb","fp","disamb fp",4,0,226,226,"Unambiguous","Mismatch",226
"958","Native",20,3,"disamb","fp","disamb fp",1,0,121,121,"Ambiguous","Match",121
"960","Native",20,2,"disamb","fp","disamb fp",4,0,125,125,"Unambiguous","Mismatch",125
"961","Native",21,22,"disamb","fp","disamb fp",1,0,318,318,"Ambiguous","Match",318
"963","Native",21,19,"disamb","fp","disamb fp",2,0,344,344,"Ambiguous","Mismatch",344
"965","Native",21,5,"disamb","fp","disamb fp",4,0,234,234,"Unambiguous","Mismatch",234
"967","Native",21,15,"disamb","fp","disamb fp",2,0,218,218,"Ambiguous","Mismatch",218
"969","Native",21,2,"disamb","fp","disamb fp",1,0,356,356,"Ambiguous","Match",356
"971","Native",21,13,"disamb","fp","disamb fp",4,0,228,228,"Unambiguous","Mismatch",228
"973","Native",21,9,"disamb","fp","disamb fp",4,0,196,196,"Unambiguous","Mismatch",196
"975","Native",21,14,"disamb","fp","disamb fp",1,0,312,312,"Ambiguous","Match",312
"977","Native",21,21,"disamb","fp","disamb fp",4,0,528,528,"Unambiguous","Mismatch",528
"979","Native",21,8,"disamb","fp","disamb fp",3,0,326,326,"Unambiguous","Match",326
"981","Native",21,17,"disamb","fp","disamb fp",4,1,0,NA,"Unambiguous","Mismatch",NA
"983","Native",21,1,"disamb","fp","disamb fp",4,0,382,382,"Unambiguous","Mismatch",382
"985","Native",21,20,"disamb","fp","disamb fp",3,0,216,216,"Unambiguous","Match",216
"987","Native",21,7,"disamb","fp","disamb fp",2,0,236,236,"Ambiguous","Mismatch",236
"989","Native",21,4,"disamb","fp","disamb fp",3,0,410,410,"Unambiguous","Match",410
"991","Native",21,10,"disamb","fp","disamb fp",1,0,204,204,"Ambiguous","Match",204
"993","Native",21,16,"disamb","fp","disamb fp",3,0,306,306,"Unambiguous","Match",306
"995","Native",21,23,"disamb","fp","disamb fp",2,0,308,308,"Ambiguous","Mismatch",308
"997","Native",21,18,"disamb","fp","disamb fp",1,0,244,244,"Ambiguous","Match",244
"999","Native",21,11,"disamb","fp","disamb fp",2,1,0,NA,"Ambiguous","Mismatch",NA
"1001","Native",21,3,"disamb","fp","disamb fp",2,0,258,258,"Ambiguous","Mismatch",258
"1003","Native",21,24,"disamb","fp","disamb fp",3,1,0,NA,"Unambiguous","Match",NA
"1005","Native",21,12,"disamb","fp","disamb fp",3,1,0,NA,"Unambiguous","Match",NA
"1007","Native",21,6,"disamb","fp","disamb fp",1,1,0,NA,"Ambiguous","Match",NA
"1009","Native",22,22,"disamb","fp","disamb fp",2,0,455,455,"Ambiguous","Mismatch",455
"1011","Native",22,18,"disamb","fp","disamb fp",2,0,207,207,"Ambiguous","Mismatch",207
"1013","Native",22,8,"disamb","fp","disamb fp",4,0,232,232,"Unambiguous","Mismatch",232
"1015","Native",22,4,"disamb","fp","disamb fp",4,0,138,138,"Unambiguous","Mismatch",138
"1017","Native",22,9,"disamb","fp","disamb fp",1,0,208,208,"Ambiguous","Match",208
"1019","Native",22,5,"disamb","fp","disamb fp",1,0,270,270,"Ambiguous","Match",270
"1021","Native",22,2,"disamb","fp","disamb fp",2,0,227,227,"Ambiguous","Mismatch",227
"1023","Native",22,15,"disamb","fp","disamb fp",3,0,509,509,"Unambiguous","Match",509
"1025","Native",22,19,"disamb","fp","disamb fp",3,0,458,458,"Unambiguous","Match",458
"1027","Native",22,3,"disamb","fp","disamb fp",3,0,351,351,"Unambiguous","Match",351
"1029","Native",22,6,"disamb","fp","disamb fp",2,0,195,195,"Ambiguous","Mismatch",195
"1031","Native",22,1,"disamb","fp","disamb fp",1,0,180,180,"Ambiguous","Match",180
"1033","Native",22,13,"disamb","fp","disamb fp",1,0,92,92,"Ambiguous","Match",92
"1035","Native",22,14,"disamb","fp","disamb fp",2,0,205,205,"Ambiguous","Mismatch",205
"1037","Native",22,12,"disamb","fp","disamb fp",4,0,344,344,"Unambiguous","Mismatch",344
"1039","Native",22,11,"disamb","fp","disamb fp",3,0,289,289,"Unambiguous","Match",289
"1041","Native",22,24,"disamb","fp","disamb fp",4,0,224,224,"Unambiguous","Mismatch",224
"1043","Native",22,20,"disamb","fp","disamb fp",4,0,249,249,"Unambiguous","Mismatch",249
"1045","Native",22,17,"disamb","fp","disamb fp",1,0,288,288,"Ambiguous","Match",288
"1047","Native",22,7,"disamb","fp","disamb fp",3,0,435,435,"Unambiguous","Match",435
"1049","Native",22,21,"disamb","fp","disamb fp",1,0,529,529,"Ambiguous","Match",529
"1051","Native",22,10,"disamb","fp","disamb fp",2,0,399,399,"Ambiguous","Mismatch",399
"1053","Native",22,16,"disamb","fp","disamb fp",4,0,266,266,"Unambiguous","Mismatch",266
"1055","Native",22,23,"disamb","fp","disamb fp",3,0,485,485,"Unambiguous","Match",485
"1057","Native",23,9,"disamb","fp","disamb fp",3,0,163,163,"Unambiguous","Match",163
"1059","Native",23,11,"disamb","fp","disamb fp",1,0,267,267,"Ambiguous","Match",267
"1061","Native",23,13,"disamb","fp","disamb fp",3,0,128,128,"Unambiguous","Match",128
"1063","Native",23,16,"disamb","fp","disamb fp",2,0,293,293,"Ambiguous","Mismatch",293
"1065","Native",23,19,"disamb","fp","disamb fp",1,0,188,188,"Ambiguous","Match",188
"1067","Native",23,23,"disamb","fp","disamb fp",1,0,212,212,"Ambiguous","Match",212
"1069","Native",23,22,"disamb","fp","disamb fp",4,0,241,241,"Unambiguous","Mismatch",241
"1071","Native",23,20,"disamb","fp","disamb fp",2,0,140,140,"Ambiguous","Mismatch",140
"1073","Native",23,5,"disamb","fp","disamb fp",3,0,212,212,"Unambiguous","Match",212
"1075","Native",23,14,"disamb","fp","disamb fp",4,0,179,179,"Unambiguous","Mismatch",179
"1077","Native",23,1,"disamb","fp","disamb fp",3,0,289,289,"Unambiguous","Match",289
"1079","Native",23,8,"disamb","fp","disamb fp",2,1,0,NA,"Ambiguous","Mismatch",NA
"1081","Native",23,21,"disamb","fp","disamb fp",3,0,192,192,"Unambiguous","Match",192
"1083","Native",23,4,"disamb","fp","disamb fp",2,0,197,197,"Ambiguous","Mismatch",197
"1085","Native",23,7,"disamb","fp","disamb fp",1,0,301,301,"Ambiguous","Match",301
"1087","Native",23,6,"disamb","fp","disamb fp",4,0,164,164,"Unambiguous","Mismatch",164
"1089","Native",23,24,"disamb","fp","disamb fp",2,0,268,268,"Ambiguous","Mismatch",268
"1091","Native",23,3,"disamb","fp","disamb fp",1,1,0,NA,"Ambiguous","Match",NA
"1093","Native",23,17,"disamb","fp","disamb fp",3,0,411,411,"Unambiguous","Match",411
"1095","Native",23,10,"disamb","fp","disamb fp",4,0,230,230,"Unambiguous","Mismatch",230
"1097","Native",23,18,"disamb","fp","disamb fp",4,0,145,145,"Unambiguous","Mismatch",145
"1099","Native",23,2,"disamb","fp","disamb fp",4,0,211,211,"Unambiguous","Mismatch",211
"1101","Native",23,15,"disamb","fp","disamb fp",1,0,125,125,"Ambiguous","Match",125
"1103","Native",23,12,"disamb","fp","disamb fp",2,0,150,150,"Ambiguous","Mismatch",150
"1105","Native",24,3,"disamb","fp","disamb fp",4,0,263,263,"Unambiguous","Mismatch",263
"1107","Native",24,7,"disamb","fp","disamb fp",4,0,430,430,"Unambiguous","Mismatch",430
"1109","Native",24,22,"disamb","fp","disamb fp",3,0,432,432,"Unambiguous","Match",432
"1111","Native",24,6,"disamb","fp","disamb fp",3,0,218,218,"Unambiguous","Match",218
"1113","Native",24,12,"disamb","fp","disamb fp",1,0,500,500,"Ambiguous","Match",500
"1115","Native",24,18,"disamb","fp","disamb fp",3,0,245,245,"Unambiguous","Match",245
"1117","Native",24,9,"disamb","fp","disamb fp",2,0,409,409,"Ambiguous","Mismatch",409
"1119","Native",24,24,"disamb","fp","disamb fp",1,0,152,152,"Ambiguous","Match",152
"1121","Native",24,1,"disamb","fp","disamb fp",2,0,470,470,"Ambiguous","Mismatch",470
"1123","Native",24,13,"disamb","fp","disamb fp",2,0,252,252,"Ambiguous","Mismatch",252
"1125","Native",24,19,"disamb","fp","disamb fp",4,0,307,307,"Unambiguous","Mismatch",307
"1127","Native",24,5,"disamb","fp","disamb fp",2,0,723,723,"Ambiguous","Mismatch",723
"1129","Native",24,14,"disamb","fp","disamb fp",3,0,703,703,"Unambiguous","Match",703
"1131","Native",24,20,"disamb","fp","disamb fp",1,0,105,105,"Ambiguous","Match",105
"1133","Native",24,4,"disamb","fp","disamb fp",1,0,168,168,"Ambiguous","Match",168
"1135","Native",24,21,"disamb","fp","disamb fp",2,0,428,428,"Ambiguous","Mismatch",428
"1137","Native",24,16,"disamb","fp","disamb fp",1,0,342,342,"Ambiguous","Match",342
"1139","Native",24,15,"disamb","fp","disamb fp",4,0,201,201,"Unambiguous","Mismatch",201
"1141","Native",24,2,"disamb","fp","disamb fp",3,0,245,245,"Unambiguous","Match",245
"1143","Native",24,11,"disamb","fp","disamb fp",4,0,272,272,"Unambiguous","Mismatch",272
"1145","Native",24,10,"disamb","fp","disamb fp",3,0,223,223,"Unambiguous","Match",223
"1147","Native",24,8,"disamb","fp","disamb fp",1,0,275,275,"Ambiguous","Match",275
"1149","Native",24,17,"disamb","fp","disamb fp",2,0,399,399,"Ambiguous","Mismatch",399
"1151","Native",24,23,"disamb","fp","disamb fp",4,0,287,287,"Unambiguous","Mismatch",287
"1153","Native",25,16,"disamb","fp","disamb fp",2,0,542,542,"Ambiguous","Mismatch",542
"1155","Native",25,21,"disamb","fp","disamb fp",3,0,156,156,"Unambiguous","Match",156
"1157","Native",25,10,"disamb","fp","disamb fp",4,1,0,NA,"Unambiguous","Mismatch",NA
"1159","Native",25,6,"disamb","fp","disamb fp",4,0,258,258,"Unambiguous","Mismatch",258
"1161","Native",25,1,"disamb","fp","disamb fp",3,1,0,NA,"Unambiguous","Match",NA
"1163","Native",25,23,"disamb","fp","disamb fp",1,0,122,122,"Ambiguous","Match",122
"1165","Native",25,19,"disamb","fp","disamb fp",1,1,0,NA,"Ambiguous","Match",NA
"1167","Native",25,20,"disamb","fp","disamb fp",2,1,0,NA,"Ambiguous","Mismatch",NA
"1169","Native",25,9,"disamb","fp","disamb fp",3,0,186,186,"Unambiguous","Match",186
"1171","Native",25,15,"disamb","fp","disamb fp",1,1,0,NA,"Ambiguous","Match",NA
"1173","Native",25,12,"disamb","fp","disamb fp",2,0,327,327,"Ambiguous","Mismatch",327
"1175","Native",25,13,"disamb","fp","disamb fp",3,0,285,285,"Unambiguous","Match",285
"1177","Native",25,8,"disamb","fp","disamb fp",2,0,228,228,"Ambiguous","Mismatch",228
"1179","Native",25,17,"disamb","fp","disamb fp",3,1,0,NA,"Unambiguous","Match",NA
"1181","Native",25,5,"disamb","fp","disamb fp",3,1,0,NA,"Unambiguous","Match",NA
"1183","Native",25,18,"disamb","fp","disamb fp",4,1,0,NA,"Unambiguous","Mismatch",NA
"1185","Native",25,24,"disamb","fp","disamb fp",2,0,141,141,"Ambiguous","Mismatch",141
"1187","Native",25,14,"disamb","fp","disamb fp",4,0,273,273,"Unambiguous","Mismatch",273
"1189","Native",25,7,"disamb","fp","disamb fp",1,0,208,208,"Ambiguous","Match",208
"1191","Native",25,2,"disamb","fp","disamb fp",4,1,0,NA,"Unambiguous","Mismatch",NA
"1193","Native",25,4,"disamb","fp","disamb fp",2,0,120,120,"Ambiguous","Mismatch",120
"1195","Native",25,3,"disamb","fp","disamb fp",1,0,254,254,"Ambiguous","Match",254
"1197","Native",25,22,"disamb","fp","disamb fp",4,0,215,215,"Unambiguous","Mismatch",215
"1199","Native",25,11,"disamb","fp","disamb fp",1,0,536,536,"Ambiguous","Match",536
"1202","Native",26,19,"disamb","fp","disamb fp",2,0,247,247,"Ambiguous","Mismatch",247
"1204","Native",26,2,"disamb","fp","disamb fp",1,0,532,532,"Ambiguous","Match",532
"1206","Native",26,4,"disamb","fp","disamb fp",3,0,315,315,"Unambiguous","Match",315
"1208","Native",26,21,"disamb","fp","disamb fp",4,0,375,375,"Unambiguous","Mismatch",375
"1210","Native",26,14,"disamb","fp","disamb fp",1,0,148,148,"Ambiguous","Match",148
"1212","Native",26,1,"disamb","fp","disamb fp",4,0,282,282,"Unambiguous","Mismatch",282
"1214","Native",26,13,"disamb","fp","disamb fp",4,0,181,181,"Unambiguous","Mismatch",181
"1216","Native",26,24,"disamb","fp","disamb fp",3,0,314,314,"Unambiguous","Match",314
"1218","Native",26,23,"disamb","fp","disamb fp",2,0,369,369,"Ambiguous","Mismatch",369
"1220","Native",26,20,"disamb","fp","disamb fp",3,0,240,240,"Unambiguous","Match",240
"1222","Native",26,9,"disamb","fp","disamb fp",4,0,140,140,"Unambiguous","Mismatch",140
"1224","Native",26,15,"disamb","fp","disamb fp",2,0,889,889,"Ambiguous","Mismatch",NA
"1226","Native",26,6,"disamb","fp","disamb fp",1,0,159,159,"Ambiguous","Match",159
"1228","Native",26,8,"disamb","fp","disamb fp",3,0,197,197,"Unambiguous","Match",197
"1230","Native",26,18,"disamb","fp","disamb fp",1,0,220,220,"Ambiguous","Match",220
"1232","Native",26,22,"disamb","fp","disamb fp",1,1,0,NA,"Ambiguous","Match",NA
"1234","Native",26,10,"disamb","fp","disamb fp",1,0,161,161,"Ambiguous","Match",161
"1236","Native",26,5,"disamb","fp","disamb fp",4,1,0,NA,"Unambiguous","Mismatch",NA
"1238","Native",26,7,"disamb","fp","disamb fp",2,0,231,231,"Ambiguous","Mismatch",231
"1240","Native",26,17,"disamb","fp","disamb fp",4,1,0,NA,"Unambiguous","Mismatch",NA
"1242","Native",26,11,"disamb","fp","disamb fp",2,0,314,314,"Ambiguous","Mismatch",314
"1244","Native",26,16,"disamb","fp","disamb fp",3,0,220,220,"Unambiguous","Match",220
"1246","Native",26,3,"disamb","fp","disamb fp",2,1,0,NA,"Ambiguous","Mismatch",NA
"1248","Native",26,12,"disamb","fp","disamb fp",3,0,213,213,"Unambiguous","Match",213
"1250","Native",27,7,"disamb","fp","disamb fp",3,0,186,186,"Unambiguous","Match",186
"1252","Native",27,2,"disamb","fp","disamb fp",2,0,346,346,"Ambiguous","Mismatch",346
"1254","Native",27,17,"disamb","fp","disamb fp",1,1,0,NA,"Ambiguous","Match",NA
"1256","Native",27,6,"disamb","fp","disamb fp",2,0,255,255,"Ambiguous","Mismatch",255
"1258","Native",27,11,"disamb","fp","disamb fp",3,0,140,140,"Unambiguous","Match",140
"1260","Native",27,15,"disamb","fp","disamb fp",3,0,406,406,"Unambiguous","Match",406
"1262","Native",27,1,"disamb","fp","disamb fp",1,0,371,371,"Ambiguous","Match",371
"1264","Native",27,12,"disamb","fp","disamb fp",4,0,367,367,"Unambiguous","Mismatch",367
"1266","Native",27,4,"disamb","fp","disamb fp",4,0,618,618,"Unambiguous","Mismatch",618
"1268","Native",27,13,"disamb","fp","disamb fp",1,0,184,184,"Ambiguous","Match",184
"1270","Native",27,23,"disamb","fp","disamb fp",3,0,437,437,"Unambiguous","Match",437
"1272","Native",27,3,"disamb","fp","disamb fp",3,0,825,825,"Unambiguous","Match",825
"1274","Native",27,5,"disamb","fp","disamb fp",1,1,0,NA,"Ambiguous","Match",NA
"1276","Native",27,18,"disamb","fp","disamb fp",2,0,309,309,"Ambiguous","Mismatch",309
"1278","Native",27,21,"disamb","fp","disamb fp",1,0,229,229,"Ambiguous","Match",229
"1280","Native",27,9,"disamb","fp","disamb fp",1,0,308,308,"Ambiguous","Match",308
"1282","Native",27,20,"disamb","fp","disamb fp",4,0,452,452,"Unambiguous","Mismatch",452
"1284","Native",27,22,"disamb","fp","disamb fp",2,0,700,700,"Ambiguous","Mismatch",700
"1286","Native",27,14,"disamb","fp","disamb fp",2,0,395,395,"Ambiguous","Mismatch",395
"1288","Native",27,24,"disamb","fp","disamb fp",4,1,0,NA,"Unambiguous","Mismatch",NA
"1290","Native",27,8,"disamb","fp","disamb fp",4,0,299,299,"Unambiguous","Mismatch",299
"1292","Native",27,10,"disamb","fp","disamb fp",2,0,282,282,"Ambiguous","Mismatch",282
"1294","Native",27,16,"disamb","fp","disamb fp",4,0,226,226,"Unambiguous","Mismatch",226
"1296","Native",27,19,"disamb","fp","disamb fp",3,0,314,314,"Unambiguous","Match",314
"1298","Native",28,1,"disamb","fp","disamb fp",2,0,178,178,"Ambiguous","Mismatch",178
"1300","Native",28,8,"disamb","fp","disamb fp",1,0,172,172,"Ambiguous","Match",172
"1302","Native",28,9,"disamb","fp","disamb fp",2,0,524,524,"Ambiguous","Mismatch",524
"1304","Native",28,13,"disamb","fp","disamb fp",2,0,502,502,"Ambiguous","Mismatch",502
"1306","Native",28,18,"disamb","fp","disamb fp",3,0,292,292,"Unambiguous","Match",292
"1308","Native",28,4,"disamb","fp","disamb fp",1,0,250,250,"Ambiguous","Match",250
"1310","Native",28,12,"disamb","fp","disamb fp",1,0,166,166,"Ambiguous","Match",166
"1312","Native",28,7,"disamb","fp","disamb fp",4,0,168,168,"Unambiguous","Mismatch",168
"1314","Native",28,2,"disamb","fp","disamb fp",3,0,206,206,"Unambiguous","Match",206
"1316","Native",28,10,"disamb","fp","disamb fp",3,0,204,204,"Unambiguous","Match",204
"1318","Native",28,22,"disamb","fp","disamb fp",3,0,218,218,"Unambiguous","Match",218
"1320","Native",28,17,"disamb","fp","disamb fp",2,0,184,184,"Ambiguous","Mismatch",184
"1322","Native",28,11,"disamb","fp","disamb fp",4,1,0,NA,"Unambiguous","Mismatch",NA
"1324","Native",28,20,"disamb","fp","disamb fp",1,0,910,910,"Ambiguous","Match",910
"1326","Native",28,15,"disamb","fp","disamb fp",4,0,168,168,"Unambiguous","Mismatch",168
"1328","Native",28,23,"disamb","fp","disamb fp",4,0,512,512,"Unambiguous","Mismatch",512
"1330","Native",28,19,"disamb","fp","disamb fp",4,0,186,186,"Unambiguous","Mismatch",186
"1332","Native",28,24,"disamb","fp","disamb fp",1,0,230,230,"Ambiguous","Match",230
"1334","Native",28,5,"disamb","fp","disamb fp",2,1,0,NA,"Ambiguous","Mismatch",NA
"1336","Native",28,14,"disamb","fp","disamb fp",3,0,182,182,"Unambiguous","Match",182
"1338","Native",28,16,"disamb","fp","disamb fp",1,0,292,292,"Ambiguous","Match",292
"1340","Native",28,3,"disamb","fp","disamb fp",4,1,0,NA,"Unambiguous","Mismatch",NA
"1342","Native",28,21,"disamb","fp","disamb fp",2,0,228,228,"Ambiguous","Mismatch",228
"1344","Native",28,6,"disamb","fp","disamb fp",3,1,0,NA,"Unambiguous","Match",NA
"1345","Native",29,21,"disamb","fp","disamb fp",3,0,214,214,"Unambiguous","Match",214
"1347","Native",29,19,"disamb","fp","disamb fp",1,0,448,448,"Ambiguous","Match",448
"1349","Native",29,17,"disamb","fp","disamb fp",3,0,256,256,"Unambiguous","Match",256
"1351","Native",29,13,"disamb","fp","disamb fp",3,0,250,250,"Unambiguous","Match",250
"1353","Native",29,2,"disamb","fp","disamb fp",4,0,516,516,"Unambiguous","Mismatch",516
"1355","Native",29,12,"disamb","fp","disamb fp",2,0,244,244,"Ambiguous","Mismatch",244
"1357","Native",29,15,"disamb","fp","disamb fp",1,0,360,360,"Ambiguous","Match",360
"1359","Native",29,4,"disamb","fp","disamb fp",2,0,234,234,"Ambiguous","Mismatch",234
"1361","Native",29,24,"disamb","fp","disamb fp",2,1,0,NA,"Ambiguous","Mismatch",NA
"1363","Native",29,3,"disamb","fp","disamb fp",1,0,350,350,"Ambiguous","Match",350
"1365","Native",29,9,"disamb","fp","disamb fp",3,0,194,194,"Unambiguous","Match",194
"1367","Native",29,7,"disamb","fp","disamb fp",1,0,406,406,"Ambiguous","Match",406
"1369","Native",29,11,"disamb","fp","disamb fp",1,0,450,450,"Ambiguous","Match",450
"1371","Native",29,16,"disamb","fp","disamb fp",2,0,148,148,"Ambiguous","Mismatch",148
"1373","Native",29,23,"disamb","fp","disamb fp",1,0,822,822,"Ambiguous","Match",822
"1375","Native",29,14,"disamb","fp","disamb fp",4,0,182,182,"Unambiguous","Mismatch",182
"1377","Native",29,18,"disamb","fp","disamb fp",4,0,226,226,"Unambiguous","Mismatch",226
"1379","Native",29,1,"disamb","fp","disamb fp",3,0,216,216,"Unambiguous","Match",216
"1381","Native",29,22,"disamb","fp","disamb fp",4,0,236,236,"Unambiguous","Mismatch",236
"1383","Native",29,8,"disamb","fp","disamb fp",2,0,398,398,"Ambiguous","Mismatch",398
"1385","Native",29,6,"disamb","fp","disamb fp",4,0,404,404,"Unambiguous","Mismatch",404
"1387","Native",29,5,"disamb","fp","disamb fp",3,0,236,236,"Unambiguous","Match",236
"1389","Native",29,20,"disamb","fp","disamb fp",2,0,376,376,"Ambiguous","Mismatch",376
"1391","Native",29,10,"disamb","fp","disamb fp",4,0,202,202,"Unambiguous","Mismatch",202
"1393","Native",30,6,"disamb","fp","disamb fp",1,0,672,672,"Ambiguous","Match",672
"1395","Native",30,13,"disamb","fp","disamb fp",4,0,126,126,"Unambiguous","Mismatch",126
"1397","Native",30,20,"disamb","fp","disamb fp",3,0,214,214,"Unambiguous","Match",214
"1399","Native",30,18,"disamb","fp","disamb fp",1,0,176,176,"Ambiguous","Match",176
"1401","Native",30,5,"disamb","fp","disamb fp",4,0,166,166,"Unambiguous","Mismatch",166
"1403","Native",30,17,"disamb","fp","disamb fp",4,1,0,NA,"Unambiguous","Mismatch",NA
"1405","Native",30,2,"disamb","fp","disamb fp",1,0,382,382,"Ambiguous","Match",382
"1407","Native",30,11,"disamb","fp","disamb fp",2,0,164,164,"Ambiguous","Mismatch",164
"1409","Native",30,14,"disamb","fp","disamb fp",1,0,356,356,"Ambiguous","Match",356
"1411","Native",30,4,"disamb","fp","disamb fp",3,0,318,318,"Unambiguous","Match",318
"1413","Native",30,15,"disamb","fp","disamb fp",2,0,146,146,"Ambiguous","Mismatch",146
"1415","Native",30,9,"disamb","fp","disamb fp",4,0,154,154,"Unambiguous","Mismatch",154
"1417","Native",30,10,"disamb","fp","disamb fp",1,0,214,214,"Ambiguous","Match",214
"1419","Native",30,24,"disamb","fp","disamb fp",3,0,194,194,"Unambiguous","Match",194
"1421","Native",30,21,"disamb","fp","disamb fp",4,0,398,398,"Unambiguous","Mismatch",398
"1423","Native",30,19,"disamb","fp","disamb fp",2,0,566,566,"Ambiguous","Mismatch",566
"1425","Native",30,12,"disamb","fp","disamb fp",3,1,0,NA,"Unambiguous","Match",NA
"1427","Native",30,23,"disamb","fp","disamb fp",2,0,284,284,"Ambiguous","Mismatch",284
"1429","Native",30,7,"disamb","fp","disamb fp",2,0,146,146,"Ambiguous","Mismatch",146
"1431","Native",30,1,"disamb","fp","disamb fp",4,0,160,160,"Unambiguous","Mismatch",160
"1433","Native",30,8,"disamb","fp","disamb fp",3,0,184,184,"Unambiguous","Match",184
"1435","Native",30,22,"disamb","fp","disamb fp",1,0,700,700,"Ambiguous","Match",700
"1437","Native",30,16,"disamb","fp","disamb fp",3,0,290,290,"Unambiguous","Match",290
"1439","Native",30,3,"disamb","fp","disamb fp",2,0,394,394,"Ambiguous","Mismatch",394
"1442","Native",31,21,"disamb","fp","disamb fp",1,0,510,510,"Ambiguous","Match",510
"1444","Native",31,14,"disamb","fp","disamb fp",2,0,222,222,"Ambiguous","Mismatch",222
"1446","Native",31,16,"disamb","fp","disamb fp",4,0,170,170,"Unambiguous","Mismatch",170
"1448","Native",31,4,"disamb","fp","disamb fp",4,0,248,248,"Unambiguous","Mismatch",248
"1450","Native",31,15,"disamb","fp","disamb fp",3,0,214,214,"Unambiguous","Match",214
"1452","Native",31,1,"disamb","fp","disamb fp",1,0,556,556,"Ambiguous","Match",556
"1454","Native",31,22,"disamb","fp","disamb fp",2,0,250,250,"Ambiguous","Mismatch",250
"1456","Native",31,8,"disamb","fp","disamb fp",4,0,158,158,"Unambiguous","Mismatch",158
"1458","Native",31,13,"disamb","fp","disamb fp",1,1,0,NA,"Ambiguous","Match",NA
"1460","Native",31,2,"disamb","fp","disamb fp",2,0,238,238,"Ambiguous","Mismatch",238
"1462","Native",31,24,"disamb","fp","disamb fp",4,0,222,222,"Unambiguous","Mismatch",222
"1464","Native",31,5,"disamb","fp","disamb fp",1,0,218,218,"Ambiguous","Match",218
"1466","Native",31,10,"disamb","fp","disamb fp",2,1,0,NA,"Ambiguous","Mismatch",NA
"1468","Native",31,6,"disamb","fp","disamb fp",2,0,328,328,"Ambiguous","Mismatch",328
"1470","Native",31,11,"disamb","fp","disamb fp",3,0,224,224,"Unambiguous","Match",224
"1472","Native",31,23,"disamb","fp","disamb fp",3,0,326,326,"Unambiguous","Match",326
"1474","Native",31,9,"disamb","fp","disamb fp",1,0,214,214,"Ambiguous","Match",214
"1476","Native",31,20,"disamb","fp","disamb fp",4,0,188,188,"Unambiguous","Mismatch",188
"1478","Native",31,7,"disamb","fp","disamb fp",3,0,472,472,"Unambiguous","Match",472
"1480","Native",31,18,"disamb","fp","disamb fp",2,0,406,406,"Ambiguous","Mismatch",406
"1482","Native",31,3,"disamb","fp","disamb fp",3,1,0,NA,"Unambiguous","Match",NA
"1484","Native",31,17,"disamb","fp","disamb fp",1,0,216,216,"Ambiguous","Match",216
"1486","Native",31,19,"disamb","fp","disamb fp",3,0,346,346,"Unambiguous","Match",346
"1488","Native",31,12,"disamb","fp","disamb fp",4,1,0,NA,"Unambiguous","Mismatch",NA
"1489","Native",32,19,"disamb","fp","disamb fp",4,0,96,96,"Unambiguous","Mismatch",96
"1491","Native",32,20,"disamb","fp","disamb fp",1,1,0,NA,"Ambiguous","Match",NA
"1493","Native",32,9,"disamb","fp","disamb fp",2,1,0,NA,"Ambiguous","Mismatch",NA
"1495","Native",32,4,"disamb","fp","disamb fp",1,1,0,NA,"Ambiguous","Match",NA
"1497","Native",32,10,"disamb","fp","disamb fp",3,1,0,NA,"Unambiguous","Match",NA
"1499","Native",32,12,"disamb","fp","disamb fp",1,0,184,184,"Ambiguous","Match",184
"1501","Native",32,7,"disamb","fp","disamb fp",4,1,0,NA,"Unambiguous","Mismatch",NA
"1503","Native",32,11,"disamb","fp","disamb fp",4,1,0,NA,"Unambiguous","Mismatch",NA
"1505","Native",32,8,"disamb","fp","disamb fp",1,0,206,206,"Ambiguous","Match",206
"1507","Native",32,18,"disamb","fp","disamb fp",3,0,196,196,"Unambiguous","Match",196
"1509","Native",32,14,"disamb","fp","disamb fp",3,1,0,NA,"Unambiguous","Match",NA
"1511","Native",32,2,"disamb","fp","disamb fp",3,1,0,NA,"Unambiguous","Match",NA
"1513","Native",32,15,"disamb","fp","disamb fp",4,1,0,NA,"Unambiguous","Mismatch",NA
"1515","Native",32,17,"disamb","fp","disamb fp",2,1,0,NA,"Ambiguous","Mismatch",NA
"1517","Native",32,5,"disamb","fp","disamb fp",2,0,144,144,"Ambiguous","Mismatch",144
"1519","Native",32,22,"disamb","fp","disamb fp",3,1,0,NA,"Unambiguous","Match",NA
"1521","Native",32,24,"disamb","fp","disamb fp",1,1,0,NA,"Ambiguous","Match",NA
"1523","Native",32,21,"disamb","fp","disamb fp",2,1,0,NA,"Ambiguous","Mismatch",NA
"1525","Native",32,1,"disamb","fp","disamb fp",2,1,0,NA,"Ambiguous","Mismatch",NA
"1527","Native",32,16,"disamb","fp","disamb fp",1,1,0,NA,"Ambiguous","Match",NA
"1529","Native",32,6,"disamb","fp","disamb fp",3,1,0,NA,"Unambiguous","Match",NA
"1531","Native",32,13,"disamb","fp","disamb fp",2,1,0,NA,"Ambiguous","Mismatch",NA
"1533","Native",32,3,"disamb","fp","disamb fp",4,0,174,174,"Unambiguous","Mismatch",174
"1535","Native",32,23,"disamb","fp","disamb fp",4,0,178,178,"Unambiguous","Mismatch",178
"1537","Native",33,4,"disamb","fp","disamb fp",2,0,326,326,"Ambiguous","Mismatch",326
"1539","Native",33,2,"disamb","fp","disamb fp",4,0,250,250,"Unambiguous","Mismatch",250
"1541","Native",33,16,"disamb","fp","disamb fp",2,0,200,200,"Ambiguous","Mismatch",200
"1543","Native",33,11,"disamb","fp","disamb fp",1,0,288,288,"Ambiguous","Match",288
"1545","Native",33,1,"disamb","fp","disamb fp",3,0,208,208,"Unambiguous","Match",208
"1547","Native",33,15,"disamb","fp","disamb fp",1,0,386,386,"Ambiguous","Match",386
"1549","Native",33,23,"disamb","fp","disamb fp",1,0,536,536,"Ambiguous","Match",536
"1551","Native",33,20,"disamb","fp","disamb fp",2,0,500,500,"Ambiguous","Mismatch",500
"1553","Native",33,7,"disamb","fp","disamb fp",1,0,158,158,"Ambiguous","Match",158
"1555","Native",33,3,"disamb","fp","disamb fp",1,0,230,230,"Ambiguous","Match",230
"1557","Native",33,12,"disamb","fp","disamb fp",2,1,0,NA,"Ambiguous","Mismatch",NA
"1559","Native",33,24,"disamb","fp","disamb fp",2,0,368,368,"Ambiguous","Mismatch",368
"1561","Native",33,14,"disamb","fp","disamb fp",4,0,278,278,"Unambiguous","Mismatch",278
"1563","Native",33,18,"disamb","fp","disamb fp",4,0,254,254,"Unambiguous","Mismatch",254
"1565","Native",33,6,"disamb","fp","disamb fp",4,0,206,206,"Unambiguous","Mismatch",206
"1567","Native",33,21,"disamb","fp","disamb fp",3,0,270,270,"Unambiguous","Match",270
"1569","Native",33,13,"disamb","fp","disamb fp",3,0,124,124,"Unambiguous","Match",124
"1571","Native",33,9,"disamb","fp","disamb fp",3,0,354,354,"Unambiguous","Match",354
"1573","Native",33,10,"disamb","fp","disamb fp",4,0,316,316,"Unambiguous","Mismatch",316
"1575","Native",33,19,"disamb","fp","disamb fp",1,0,202,202,"Ambiguous","Match",202
"1577","Native",33,22,"disamb","fp","disamb fp",4,0,228,228,"Unambiguous","Mismatch",228
"1579","Native",33,8,"disamb","fp","disamb fp",2,0,162,162,"Ambiguous","Mismatch",162
"1581","Native",33,17,"disamb","fp","disamb fp",3,0,272,272,"Unambiguous","Match",272
"1583","Native",33,5,"disamb","fp","disamb fp",3,0,186,186,"Unambiguous","Match",186
"1586","Native",34,16,"disamb","fp","disamb fp",3,0,135,135,"Unambiguous","Match",135
"1588","Native",34,14,"disamb","fp","disamb fp",1,0,853,853,"Ambiguous","Match",853
"1590","Native",34,1,"disamb","fp","disamb fp",4,0,783,783,"Unambiguous","Mismatch",783
"1592","Native",34,24,"disamb","fp","disamb fp",3,0,299,299,"Unambiguous","Match",299
"1594","Native",34,5,"disamb","fp","disamb fp",4,0,427,427,"Unambiguous","Mismatch",427
"1596","Native",34,13,"disamb","fp","disamb fp",4,0,823,823,"Unambiguous","Mismatch",823
"1598","Native",34,3,"disamb","fp","disamb fp",2,0,626,626,"Ambiguous","Mismatch",626
"1600","Native",34,2,"disamb","fp","disamb fp",1,0,454,454,"Ambiguous","Match",454
"1602","Native",34,19,"disamb","fp","disamb fp",2,0,905,905,"Ambiguous","Mismatch",905
"1604","Native",34,18,"disamb","fp","disamb fp",1,0,343,343,"Ambiguous","Match",343
"1606","Native",34,22,"disamb","fp","disamb fp",1,0,180,180,"Ambiguous","Match",180
"1608","Native",34,17,"disamb","fp","disamb fp",4,0,290,290,"Unambiguous","Mismatch",290
"1610","Native",34,4,"disamb","fp","disamb fp",3,0,1108,1108,"Unambiguous","Match",1108
"1612","Native",34,20,"disamb","fp","disamb fp",3,0,161,161,"Unambiguous","Match",161
"1614","Native",34,7,"disamb","fp","disamb fp",2,0,264,264,"Ambiguous","Mismatch",264
"1616","Native",34,11,"disamb","fp","disamb fp",2,0,501,501,"Ambiguous","Mismatch",501
"1618","Native",34,8,"disamb","fp","disamb fp",3,0,359,359,"Unambiguous","Match",359
"1620","Native",34,21,"disamb","fp","disamb fp",4,0,481,481,"Unambiguous","Mismatch",481
"1622","Native",34,12,"disamb","fp","disamb fp",3,0,386,386,"Unambiguous","Match",386
"1624","Native",34,15,"disamb","fp","disamb fp",2,0,448,448,"Ambiguous","Mismatch",448
"1626","Native",34,10,"disamb","fp","disamb fp",1,0,530,530,"Ambiguous","Match",530
"1628","Native",34,23,"disamb","fp","disamb fp",2,0,685,685,"Ambiguous","Mismatch",685
"1630","Native",34,9,"disamb","fp","disamb fp",4,0,571,571,"Unambiguous","Mismatch",571
"1632","Native",34,6,"disamb","fp","disamb fp",1,0,596,596,"Ambiguous","Match",596
"1633","Native",35,23,"disamb","fp","disamb fp",2,0,236,236,"Ambiguous","Mismatch",236
"1635","Native",35,1,"disamb","fp","disamb fp",4,0,230,230,"Unambiguous","Mismatch",230
"1637","Native",35,10,"disamb","fp","disamb fp",1,1,0,NA,"Ambiguous","Match",NA
"1639","Native",35,4,"disamb","fp","disamb fp",3,0,224,224,"Unambiguous","Match",224
"1641","Native",35,18,"disamb","fp","disamb fp",1,0,228,228,"Ambiguous","Match",228
"1643","Native",35,9,"disamb","fp","disamb fp",4,0,220,220,"Unambiguous","Mismatch",220
"1645","Native",35,20,"disamb","fp","disamb fp",3,0,224,224,"Unambiguous","Match",224
"1647","Native",35,17,"disamb","fp","disamb fp",4,0,204,204,"Unambiguous","Mismatch",204
"1649","Native",35,14,"disamb","fp","disamb fp",1,0,224,224,"Ambiguous","Match",224
"1651","Native",35,2,"disamb","fp","disamb fp",1,0,410,410,"Ambiguous","Match",410
"1653","Native",35,15,"disamb","fp","disamb fp",2,0,388,388,"Ambiguous","Mismatch",388
"1655","Native",35,19,"disamb","fp","disamb fp",2,0,362,362,"Ambiguous","Mismatch",362
"1657","Native",35,3,"disamb","fp","disamb fp",2,0,522,522,"Ambiguous","Mismatch",522
"1659","Native",35,12,"disamb","fp","disamb fp",3,0,206,206,"Unambiguous","Match",206
"1661","Native",35,11,"disamb","fp","disamb fp",2,0,278,278,"Ambiguous","Mismatch",278
"1663","Native",35,24,"disamb","fp","disamb fp",3,1,0,NA,"Unambiguous","Match",NA
"1665","Native",35,7,"disamb","fp","disamb fp",2,0,244,244,"Ambiguous","Mismatch",244
"1667","Native",35,21,"disamb","fp","disamb fp",4,0,198,198,"Unambiguous","Mismatch",198
"1669","Native",35,5,"disamb","fp","disamb fp",4,0,226,226,"Unambiguous","Mismatch",226
"1671","Native",35,22,"disamb","fp","disamb fp",1,0,266,266,"Ambiguous","Match",266
"1673","Native",35,6,"disamb","fp","disamb fp",1,0,300,300,"Ambiguous","Match",300
"1675","Native",35,13,"disamb","fp","disamb fp",4,0,176,176,"Unambiguous","Mismatch",176
"1677","Native",35,8,"disamb","fp","disamb fp",3,0,358,358,"Unambiguous","Match",358
"1679","Native",35,16,"disamb","fp","disamb fp",3,0,362,362,"Unambiguous","Match",362
"1681","Native",36,24,"disamb","fp","disamb fp",4,1,0,NA,"Unambiguous","Mismatch",NA
"1683","Native",36,19,"disamb","fp","disamb fp",3,0,518,518,"Unambiguous","Match",518
"1685","Native",36,12,"disamb","fp","disamb fp",4,0,481,481,"Unambiguous","Mismatch",481
"1687","Native",36,21,"disamb","fp","disamb fp",1,0,293,293,"Ambiguous","Match",293
"1689","Native",36,4,"disamb","fp","disamb fp",4,0,477,477,"Unambiguous","Mismatch",477
"1691","Native",36,13,"disamb","fp","disamb fp",1,0,409,409,"Ambiguous","Match",409
"1693","Native",36,11,"disamb","fp","disamb fp",3,0,148,148,"Unambiguous","Match",148
"1695","Native",36,22,"disamb","fp","disamb fp",2,0,273,273,"Ambiguous","Mismatch",273
"1697","Native",36,5,"disamb","fp","disamb fp",1,0,514,514,"Ambiguous","Match",514
"1699","Native",36,18,"disamb","fp","disamb fp",2,0,419,419,"Ambiguous","Mismatch",419
"1701","Native",36,8,"disamb","fp","disamb fp",4,0,147,147,"Unambiguous","Mismatch",147
"1703","Native",36,6,"disamb","fp","disamb fp",2,0,210,210,"Ambiguous","Mismatch",210
"1705","Native",36,2,"disamb","fp","disamb fp",2,0,601,601,"Ambiguous","Mismatch",601
"1707","Native",36,15,"disamb","fp","disamb fp",3,0,503,503,"Unambiguous","Match",503
"1709","Native",36,14,"disamb","fp","disamb fp",2,0,320,320,"Ambiguous","Mismatch",320
"1711","Native",36,1,"disamb","fp","disamb fp",1,0,750,750,"Ambiguous","Match",750
"1713","Native",36,7,"disamb","fp","disamb fp",3,0,295,295,"Unambiguous","Match",295
"1715","Native",36,20,"disamb","fp","disamb fp",4,0,179,179,"Unambiguous","Mismatch",179
"1717","Native",36,23,"disamb","fp","disamb fp",3,0,296,296,"Unambiguous","Match",296
"1719","Native",36,17,"disamb","fp","disamb fp",1,1,0,NA,"Ambiguous","Match",NA
"1721","Native",36,16,"disamb","fp","disamb fp",4,0,510,510,"Unambiguous","Mismatch",510
"1723","Native",36,9,"disamb","fp","disamb fp",1,0,405,405,"Ambiguous","Match",405
"1725","Native",36,10,"disamb","fp","disamb fp",2,0,281,281,"Ambiguous","Mismatch",281
"1727","Native",36,3,"disamb","fp","disamb fp",3,0,255,255,"Unambiguous","Match",255
"1729","Native",37,15,"disamb","fp","disamb fp",4,0,228,228,"Unambiguous","Mismatch",228
"1731","Native",37,20,"disamb","fp","disamb fp",1,0,251,251,"Ambiguous","Match",251
"1733","Native",37,5,"disamb","fp","disamb fp",2,0,252,252,"Ambiguous","Mismatch",252
"1735","Native",37,24,"disamb","fp","disamb fp",1,0,81,81,"Ambiguous","Match",81
"1737","Native",37,3,"disamb","fp","disamb fp",4,0,535,535,"Unambiguous","Mismatch",535
"1739","Native",37,4,"disamb","fp","disamb fp",1,0,218,218,"Ambiguous","Match",218
"1741","Native",37,6,"disamb","fp","disamb fp",3,0,209,209,"Unambiguous","Match",209
"1743","Native",37,13,"disamb","fp","disamb fp",2,1,0,NA,"Ambiguous","Mismatch",NA
"1745","Native",37,1,"disamb","fp","disamb fp",2,0,447,447,"Ambiguous","Mismatch",447
"1747","Native",37,16,"disamb","fp","disamb fp",1,0,133,133,"Ambiguous","Match",133
"1749","Native",37,9,"disamb","fp","disamb fp",2,0,275,275,"Ambiguous","Mismatch",275
"1751","Native",37,19,"disamb","fp","disamb fp",4,0,150,150,"Unambiguous","Mismatch",150
"1753","Native",37,17,"disamb","fp","disamb fp",2,0,198,198,"Ambiguous","Mismatch",198
"1755","Native",37,22,"disamb","fp","disamb fp",3,0,93,93,"Unambiguous","Match",93
"1757","Native",37,14,"disamb","fp","disamb fp",3,0,211,211,"Unambiguous","Match",211
"1759","Native",37,2,"disamb","fp","disamb fp",3,0,209,209,"Unambiguous","Match",209
"1761","Native",37,23,"disamb","fp","disamb fp",4,0,256,256,"Unambiguous","Mismatch",256
"1763","Native",37,8,"disamb","fp","disamb fp",1,0,252,252,"Ambiguous","Match",252
"1765","Native",37,7,"disamb","fp","disamb fp",4,0,187,187,"Unambiguous","Mismatch",187
"1767","Native",37,11,"disamb","fp","disamb fp",4,0,161,161,"Unambiguous","Mismatch",161
"1769","Native",37,10,"disamb","fp","disamb fp",3,0,159,159,"Unambiguous","Match",159
"1771","Native",37,12,"disamb","fp","disamb fp",1,0,239,239,"Ambiguous","Match",239
"1773","Native",37,18,"disamb","fp","disamb fp",3,0,265,265,"Unambiguous","Match",265
"1775","Native",37,21,"disamb","fp","disamb fp",2,0,290,290,"Ambiguous","Mismatch",290
"1778","Native",38,17,"disamb","fp","disamb fp",3,0,184,184,"Unambiguous","Match",184
"1780","Native",38,2,"disamb","fp","disamb fp",4,0,265,265,"Unambiguous","Mismatch",265
"1782","Native",38,14,"disamb","fp","disamb fp",4,0,226,226,"Unambiguous","Mismatch",226
"1784","Native",38,21,"disamb","fp","disamb fp",3,0,189,189,"Unambiguous","Match",189
"1786","Native",38,11,"disamb","fp","disamb fp",1,1,0,NA,"Ambiguous","Match",NA
"1788","Native",38,9,"disamb","fp","disamb fp",3,0,254,254,"Unambiguous","Match",254
"1790","Native",38,13,"disamb","fp","disamb fp",3,0,239,239,"Unambiguous","Match",239
"1792","Native",38,24,"disamb","fp","disamb fp",2,0,242,242,"Ambiguous","Mismatch",242
"1794","Native",38,20,"disamb","fp","disamb fp",2,0,317,317,"Ambiguous","Mismatch",317
"1796","Native",38,6,"disamb","fp","disamb fp",4,0,240,240,"Unambiguous","Mismatch",240
"1798","Native",38,3,"disamb","fp","disamb fp",1,1,0,NA,"Ambiguous","Match",NA
"1800","Native",38,23,"disamb","fp","disamb fp",1,0,237,237,"Ambiguous","Match",237
"1802","Native",38,5,"disamb","fp","disamb fp",3,1,0,NA,"Unambiguous","Match",NA
"1804","Native",38,12,"disamb","fp","disamb fp",2,0,224,224,"Ambiguous","Mismatch",224
"1806","Native",38,8,"disamb","fp","disamb fp",2,0,312,312,"Ambiguous","Mismatch",312
"1808","Native",38,16,"disamb","fp","disamb fp",2,0,259,259,"Ambiguous","Mismatch",259
"1810","Native",38,22,"disamb","fp","disamb fp",4,0,246,246,"Unambiguous","Mismatch",246
"1812","Native",38,19,"disamb","fp","disamb fp",1,0,206,206,"Ambiguous","Match",206
"1814","Native",38,7,"disamb","fp","disamb fp",1,0,274,274,"Ambiguous","Match",274
"1816","Native",38,18,"disamb","fp","disamb fp",4,1,0,NA,"Unambiguous","Mismatch",NA
"1818","Native",38,15,"disamb","fp","disamb fp",1,0,271,271,"Ambiguous","Match",271
"1820","Native",38,1,"disamb","fp","disamb fp",3,0,133,133,"Unambiguous","Match",133
"1822","Native",38,10,"disamb","fp","disamb fp",4,1,0,NA,"Unambiguous","Mismatch",NA
"1824","Native",38,4,"disamb","fp","disamb fp",2,0,226,226,"Ambiguous","Mismatch",226
"1826","Native",39,19,"disamb","fp","disamb fp",2,0,272,272,"Ambiguous","Mismatch",272
"1828","Native",39,9,"disamb","fp","disamb fp",4,0,623,623,"Unambiguous","Mismatch",623
"1830","Native",39,15,"disamb","fp","disamb fp",2,0,244,244,"Ambiguous","Mismatch",244
"1832","Native",39,4,"disamb","fp","disamb fp",3,0,589,589,"Unambiguous","Match",589
"1834","Native",39,20,"disamb","fp","disamb fp",3,0,247,247,"Unambiguous","Match",247
"1836","Native",39,3,"disamb","fp","disamb fp",2,0,502,502,"Ambiguous","Mismatch",502
"1838","Native",39,2,"disamb","fp","disamb fp",1,0,302,302,"Ambiguous","Match",302
"1840","Native",39,11,"disamb","fp","disamb fp",2,0,443,443,"Ambiguous","Mismatch",443
"1842","Native",39,23,"disamb","fp","disamb fp",2,0,520,520,"Ambiguous","Mismatch",520
"1844","Native",39,8,"disamb","fp","disamb fp",3,0,232,232,"Unambiguous","Match",232
"1846","Native",39,7,"disamb","fp","disamb fp",2,0,252,252,"Ambiguous","Mismatch",252
"1848","Native",39,12,"disamb","fp","disamb fp",3,0,214,214,"Unambiguous","Match",214
"1850","Native",39,1,"disamb","fp","disamb fp",4,0,285,285,"Unambiguous","Mismatch",285
"1852","Native",39,24,"disamb","fp","disamb fp",3,0,514,514,"Unambiguous","Match",514
"1854","Native",39,22,"disamb","fp","disamb fp",1,0,901,901,"Ambiguous","Match",901
"1856","Native",39,17,"disamb","fp","disamb fp",4,0,375,375,"Unambiguous","Mismatch",375
"1858","Native",39,6,"disamb","fp","disamb fp",1,0,233,233,"Ambiguous","Match",233
"1860","Native",39,16,"disamb","fp","disamb fp",3,0,308,308,"Unambiguous","Match",308
"1862","Native",39,14,"disamb","fp","disamb fp",1,0,234,234,"Ambiguous","Match",234
"1864","Native",39,10,"disamb","fp","disamb fp",1,0,588,588,"Ambiguous","Match",588
"1866","Native",39,5,"disamb","fp","disamb fp",4,0,343,343,"Unambiguous","Mismatch",343
"1868","Native",39,18,"disamb","fp","disamb fp",1,0,175,175,"Ambiguous","Match",175
"1870","Native",39,13,"disamb","fp","disamb fp",4,0,412,412,"Unambiguous","Mismatch",412
"1872","Native",39,21,"disamb","fp","disamb fp",4,0,430,430,"Unambiguous","Mismatch",430
"1873","Native",40,22,"disamb","fp","disamb fp",2,0,215,215,"Ambiguous","Mismatch",215
"1875","Native",40,24,"disamb","fp","disamb fp",4,0,258,258,"Unambiguous","Mismatch",258
"1877","Native",40,19,"disamb","fp","disamb fp",3,0,154,154,"Unambiguous","Match",154
"1879","Native",40,18,"disamb","fp","disamb fp",2,0,166,166,"Ambiguous","Mismatch",166
"1881","Native",40,8,"disamb","fp","disamb fp",4,0,165,165,"Unambiguous","Mismatch",165
"1883","Native",40,9,"disamb","fp","disamb fp",1,0,158,158,"Ambiguous","Match",158
"1885","Native",40,17,"disamb","fp","disamb fp",1,0,194,194,"Ambiguous","Match",194
"1887","Native",40,3,"disamb","fp","disamb fp",3,1,0,NA,"Unambiguous","Match",NA
"1889","Native",40,10,"disamb","fp","disamb fp",2,0,193,193,"Ambiguous","Mismatch",193
"1891","Native",40,7,"disamb","fp","disamb fp",3,0,218,218,"Unambiguous","Match",218
"1893","Native",40,1,"disamb","fp","disamb fp",1,0,189,189,"Ambiguous","Match",189
"1895","Native",40,16,"disamb","fp","disamb fp",4,0,245,245,"Unambiguous","Mismatch",245
"1897","Native",40,12,"disamb","fp","disamb fp",4,1,0,NA,"Unambiguous","Mismatch",NA
"1899","Native",40,14,"disamb","fp","disamb fp",2,0,169,169,"Ambiguous","Mismatch",169
"1901","Native",40,13,"disamb","fp","disamb fp",1,0,160,160,"Ambiguous","Match",160
"1903","Native",40,2,"disamb","fp","disamb fp",2,0,139,139,"Ambiguous","Mismatch",139
"1905","Native",40,5,"disamb","fp","disamb fp",1,0,153,153,"Ambiguous","Match",153
"1907","Native",40,11,"disamb","fp","disamb fp",3,1,0,NA,"Unambiguous","Match",NA
"1909","Native",40,15,"disamb","fp","disamb fp",3,0,131,131,"Unambiguous","Match",131
"1911","Native",40,20,"disamb","fp","disamb fp",4,0,156,156,"Unambiguous","Mismatch",156
"1913","Native",40,23,"disamb","fp","disamb fp",3,0,136,136,"Unambiguous","Match",136
"1915","Native",40,4,"disamb","fp","disamb fp",4,1,0,NA,"Unambiguous","Mismatch",NA
"1917","Native",40,6,"disamb","fp","disamb fp",2,1,0,NA,"Ambiguous","Mismatch",NA
"1919","Native",40,21,"disamb","fp","disamb fp",1,0,163,163,"Ambiguous","Match",163
